Fiscal_Year,Province_ID,Domain_ID,Budget_Amount
2023,TH-50,1,11427703900
2023,TH-50,2,437140300
2023,TH-50,3,3117889400
2023,TH-50,4,3476917890
2023,TH-50,5,3330924800
2023,TH-50,6,499780100
2023,TH-51,1,494185500
2023,TH-51,2,35927000
2023,TH-51,3,1062997600
2023,TH-51,4,478257720
2023,TH-51,5,939265200
2023,TH-51,6,12521200
2023,TH-52,1,1371342600
2023,TH-52,2,245139500
2023,TH-52,3,1748046400
2023,TH-52,4,960005920
2023,TH-52,5,1880676400
2023,TH-52,6,156370600
2023,TH-53,1,854062200
2023,TH-53,2,456222000
2023,TH-53,3,1304066800
2023,TH-53,4,2417825420
2023,TH-53,5,1188644600
2023,TH-53,6,14238500
2023,TH-54,1,488148400
2023,TH-54,2,58221100
2023,TH-54,3,1993760500
2023,TH-54,4,1102245110
2023,TH-54,5,1209614800
2023,TH-54,6,9739400
2023,TH-55,1,663202800
2023,TH-55,2,67226000
2023,TH-55,3,1685277400
2023,TH-55,4,633551420
2023,TH-55,5,1853569800
2023,TH-55,6,34521900
2023,TH-56,1,1721021300
2023,TH-56,2,39992400
2023,TH-56,3,1237810300
2023,TH-56,4,903983190
2023,TH-56,5,1264626300
2023,TH-56,6,39928500
2023,TH-57,1,4107475900
2023,TH-57,2,276767500
2023,TH-57,3,6351066560
2023,TH-57,4,1114699120
2023,TH-57,5,2547702600
2023,TH-57,6,4569240300
2023,TH-58,1,568709200
2023,TH-58,2,110454600
2023,TH-58,3,832499100
2023,TH-58,4,462957360
2023,TH-58,5,767054900
2023,TH-58,6,13118700
2023,TH-60,1,1828870560
2023,TH-60,2,200462700
2023,TH-60,3,4681589600
2023,TH-60,4,595141040
2023,TH-60,5,3069591700
2023,TH-60,6,87390400
2023,TH-62,1,1261627400
2023,TH-62,2,235902200
2023,TH-62,3,1483425300
2023,TH-62,4,1075327440
2023,TH-62,5,1568955600
2023,TH-62,6,58748100
2023,TH-63,1,1028197500
2023,TH-63,2,76242700
2023,TH-63,3,1747918500
2023,TH-63,4,479695730
2023,TH-63,5,1563972800
2023,TH-63,6,68067700
2023,TH-64,1,549866300
2023,TH-64,2,126183500
2023,TH-64,3,2287151800
2023,TH-64,4,1234244810
2023,TH-64,5,1392692400
2023,TH-64,6,136052500
2023,TH-65,1,4033839500
2023,TH-65,2,136535200
2023,TH-65,3,2242775300
2023,TH-65,4,1229024420
2023,TH-65,5,1852844900
2023,TH-65,6,54110100
2023,TH-66,1,525843300
2023,TH-66,2,134585800
2023,TH-66,3,1831395900
2023,TH-66,4,852752220
2023,TH-66,5,1360483300
2023,TH-66,6,49518200
2023,TH-67,1,1636081200
2023,TH-67,2,276572200
2023,TH-67,3,2323173300
2023,TH-67,4,1033400160
2023,TH-67,5,1434305200
2023,TH-67,6,55867100
2023,TH-30,1,6690614500
2023,TH-30,2,357748500
2023,TH-30,3,7635892500
2023,TH-30,4,2389665170
2023,TH-30,5,6368556895
2023,TH-30,6,2201717800
2023,TH-31,1,2365589500
2023,TH-31,2,899556600
2023,TH-31,3,6702876300
2023,TH-31,4,1291021370
2023,TH-31,5,2400779075
2023,TH-31,6,29208600
2023,TH-32,1,2134454800
2023,TH-32,2,187904600
2023,TH-32,3,3781038100
2023,TH-32,4,680236290
2023,TH-32,5,2306333165
2023,TH-32,6,117788000
2023,TH-33,1,2338608600
2023,TH-33,2,106011400
2023,TH-33,3,2464220100
2023,TH-33,4,899686580
2023,TH-33,5,3271048200
2023,TH-33,6,44814400
2023,TH-34,1,4005439500
2023,TH-34,2,324568700
2023,TH-34,3,3912427300
2023,TH-34,4,3120768410
2023,TH-34,5,3200599000
2023,TH-34,6,186299000
2023,TH-35,1,691168400
2023,TH-35,2,60492900
2023,TH-35,3,1441617400
2023,TH-35,4,885769480
2023,TH-35,5,1426614100
2023,TH-35,6,13582900
2023,TH-36,1,1554562100
2023,TH-36,2,182316100
2023,TH-36,3,2472952800
2023,TH-36,4,3225628630
2023,TH-36,5,1966443865
2023,TH-36,6,39768600
2023,TH-37,1,459975900
2023,TH-37,2,52774300
2023,TH-37,3,990694800
2023,TH-37,4,913167600
2023,TH-37,5,1154023000
2023,TH-37,6,8477200
2023,TH-39,1,508581600
2023,TH-39,2,58922400
2023,TH-39,3,1392651100
2023,TH-39,4,283830100
2023,TH-39,5,1036219100
2023,TH-39,6,23118300
2023,TH-40,1,7517077500
2023,TH-40,2,551493900
2023,TH-40,3,4477394600
2023,TH-40,4,1487544120
2023,TH-40,5,4470148600
2023,TH-40,6,163703100
2023,TH-41,1,2615218000
2023,TH-41,2,341290100
2023,TH-41,3,2137868300
2023,TH-41,4,1671797350
2023,TH-41,5,3023495800
2023,TH-41,6,237802200
2023,TH-42,1,1374753600
2023,TH-42,2,68886200
2023,TH-42,3,2394493800
2023,TH-42,4,1097600090
2023,TH-42,5,1526271100
2023,TH-42,6,37282500
2023,TH-43,1,716687000
2023,TH-43,2,258265400
2023,TH-43,3,2643601900
2023,TH-43,4,1397428990
2023,TH-43,5,1195254400
2023,TH-43,6,746511900
2023,TH-44,1,2555030900
2023,TH-44,2,158704500
2023,TH-44,3,1701097200
2023,TH-44,4,545088700
2023,TH-44,5,2022568900
2023,TH-44,6,23186800
2023,TH-45,1,1905602900
2023,TH-45,2,176309200
2023,TH-45,3,3210686700
2023,TH-45,4,718988640
2023,TH-45,5,2891642400
2023,TH-45,6,3807650200
2023,TH-46,1,1619164800
2023,TH-46,2,144377800
2023,TH-46,3,1466337600
2023,TH-46,4,407965980
2023,TH-46,5,2431212400
2023,TH-46,6,51189200
2023,TH-47,1,2088916500
2023,TH-47,2,90888800
2023,TH-47,3,2539026400
2023,TH-47,4,1459868800
2023,TH-47,5,2660366000
2023,TH-47,6,24535200
2023,TH-48,1,1588162600
2023,TH-48,2,141957900
2023,TH-48,3,2918114500
2023,TH-48,4,1712164720
2023,TH-48,5,1300064300
2023,TH-48,6,26433200
2023,TH-49,1,466403900
2023,TH-49,2,74370800
2023,TH-49,3,1390511440
2023,TH-49,4,1356163700
2023,TH-49,5,1095103700
2023,TH-49,6,18516800
2023,TH-38,1,625215300
2023,TH-38,2,232423000
2023,TH-38,3,3454384300
2023,TH-38,4,716931380
2023,TH-38,5,971131100
2023,TH-38,6,12090800
2023,TH-10,1,307233568100
2023,TH-10,2,153257644200
2023,TH-10,3,29565226100
2023,TH-10,4,75145289760
2023,TH-10,5,986213391900
2023,TH-10,6,197810676900
2023,TH-11,1,1737415800
2023,TH-11,2,121034900
2023,TH-11,3,1337400200
2023,TH-11,4,512245980
2023,TH-11,5,2203397100
2023,TH-11,6,516854500
2023,TH-12,1,2018282140
2023,TH-12,2,137386050100
2023,TH-12,3,5441120900
2023,TH-12,4,1102764300
2023,TH-12,5,21126485500
2023,TH-12,6,56434911300
2023,TH-13,1,12417107900
2023,TH-13,2,472822100
2023,TH-13,3,2596918900
2023,TH-13,4,722587080
2023,TH-13,5,2587274500
2023,TH-13,6,2904629500
2023,TH-14,1,3180749100
2023,TH-14,2,321132500
2023,TH-14,3,3636598100
2023,TH-14,4,4083453060
2023,TH-14,5,1486666300
2023,TH-14,6,351135000
2023,TH-15,1,294961300
2023,TH-15,2,104986200
2023,TH-15,3,1039679900
2023,TH-15,4,373025260
2023,TH-15,5,783854700
2023,TH-15,6,111593300
2023,TH-16,1,1452571000
2023,TH-16,2,200170400
2023,TH-16,3,2508165800
2023,TH-16,4,477975100
2023,TH-16,5,2179346200
2023,TH-16,6,34871100
2023,TH-17,1,349977200
2023,TH-17,2,26553500
2023,TH-17,3,1620421800
2023,TH-17,4,185666340
2023,TH-17,5,773091400
2023,TH-17,6,9406900
2023,TH-18,1,291194400
2023,TH-18,2,83291200
2023,TH-18,3,991901100
2023,TH-18,4,850886440
2023,TH-18,5,948919300
2023,TH-18,6,37196600
2023,TH-19,1,907175200
2023,TH-19,2,248948300
2023,TH-19,3,1608570100
2023,TH-19,4,408607240
2023,TH-19,5,1667922700
2023,TH-19,6,27307200
2023,TH-20,1,5406298200
2023,TH-20,2,584924200
2023,TH-20,3,4252521800
2023,TH-20,4,642221500
2023,TH-20,5,9914733600
2023,TH-20,6,2974722000
2023,TH-21,1,1501865400
2023,TH-21,2,252393100
2023,TH-21,3,2885801000
2023,TH-21,4,1330152700
2023,TH-21,5,2552962500
2023,TH-21,6,149617300
2023,TH-22,1,1215962700
2023,TH-22,2,105780200
2023,TH-22,3,2251021000
2023,TH-22,4,1413126320
2023,TH-22,5,1517783300
2023,TH-22,6,131499000
2023,TH-23,1,251048700
2023,TH-23,2,50322500
2023,TH-23,3,745449700
2023,TH-23,4,785305880
2023,TH-23,5,926352600
2023,TH-23,6,31717400
2023,TH-24,1,1236243100
2023,TH-24,2,192645800
2023,TH-24,3,3202564600
2023,TH-24,4,1746996070
2023,TH-24,5,1038742700
2023,TH-24,6,899812100
2023,TH-25,1,897267600
2023,TH-25,2,51005500
2023,TH-25,3,2367953600
2023,TH-25,4,387392710
2023,TH-25,5,1320367900
2023,TH-25,6,284578500
2023,TH-26,1,1221641700
2023,TH-26,2,37045000
2023,TH-26,3,950804200
2023,TH-26,4,604253170
2023,TH-26,5,846287800
2023,TH-26,6,244649900
2023,TH-27,1,711822600
2023,TH-27,2,133145700
2023,TH-27,3,1894495000
2023,TH-27,4,575627660
2023,TH-27,5,1671929200
2023,TH-27,6,22781100
2023,TH-61,1,479931600
2023,TH-61,2,50669200
2023,TH-61,3,2162607300
2023,TH-61,4,808620790
2023,TH-61,5,1057903900
2023,TH-61,6,13670100
2023,TH-70,1,1482438700
2023,TH-70,2,171504700
2023,TH-70,3,3221356300
2023,TH-70,4,792999080
2023,TH-70,5,1800225000
2023,TH-70,6,374403600
2023,TH-71,1,1663501200
2023,TH-71,2,61194200
2023,TH-71,3,2135736800
2023,TH-71,4,1592774960
2023,TH-71,5,2158341300
2023,TH-71,6,50606800
2023,TH-72,1,1116410100
2023,TH-72,2,193541800
2023,TH-72,3,2572394700
2023,TH-72,4,1555863660
2023,TH-72,5,1617662500
2023,TH-72,6,195760800
2023,TH-73,1,14529444500
2023,TH-73,2,161679600
2023,TH-73,3,5687493900
2023,TH-73,4,392376550
2023,TH-73,5,5616453100
2023,TH-73,6,957706900
2023,TH-74,1,564674600
2023,TH-74,2,55659600
2023,TH-74,3,2629896400
2023,TH-74,4,154889550
2023,TH-74,5,1379735100
2023,TH-74,6,14572800
2023,TH-75,1,231253200
2023,TH-75,2,20100600
2023,TH-75,3,461654300
2023,TH-75,4,337756470
2023,TH-75,5,620089000
2023,TH-75,6,24054100
2023,TH-76,1,1262045800
2023,TH-76,2,44663100
2023,TH-76,3,1745566500
2023,TH-76,4,1771546000
2023,TH-76,5,1698306800
2023,TH-76,6,31671100
2023,TH-77,1,704208700
2023,TH-77,2,290422500
2023,TH-77,3,2230205500
2023,TH-77,4,2228862290
2023,TH-77,5,1373490500
2023,TH-77,6,55470800
2023,TH-80,1,4438032200
2023,TH-80,2,174504000
2023,TH-80,3,4499481700
2023,TH-80,4,2245539190
2023,TH-80,5,3924087500
2023,TH-80,6,173848600
2023,TH-81,1,601389100
2023,TH-81,2,97640900
2023,TH-81,3,2540187900
2023,TH-81,4,676043620
2023,TH-81,5,1077904700
2023,TH-81,6,327642800
2023,TH-82,1,476837400
2023,TH-82,2,108356300
2023,TH-82,3,1190868500
2023,TH-82,4,409227720
2023,TH-82,5,1088098500
2023,TH-82,6,20569200
2023,TH-83,1,807415100
2023,TH-83,2,317392500
2023,TH-83,3,538163700
2023,TH-83,4,195256040
2023,TH-83,5,1852260200
2023,TH-83,6,186960800
2023,TH-84,1,2229564600
2023,TH-84,2,452671300
2023,TH-84,3,4373878800
2023,TH-84,4,796921700
2023,TH-84,5,2997469000
2023,TH-84,6,115796500
2023,TH-85,1,227731700
2023,TH-85,2,49897500
2023,TH-85,3,1111668800
2023,TH-85,4,212437470
2023,TH-85,5,588934700
2023,TH-85,6,43971200
2023,TH-86,1,600547100
2023,TH-86,2,123431500
2023,TH-86,3,1837344500
2023,TH-86,4,800903090
2023,TH-86,5,1326341900
2023,TH-86,6,91951400
2023,TH-90,1,9506756500
2023,TH-90,2,320150200
2023,TH-90,3,3540372200
2023,TH-90,4,3149099830
2023,TH-90,5,4342947700
2023,TH-90,6,260187200
2023,TH-91,1,560321000
2023,TH-91,2,103383200
2023,TH-91,3,1309754000
2023,TH-91,4,396702600
2023,TH-91,5,948824400
2023,TH-91,6,19929000
2023,TH-92,1,1046301400
2023,TH-92,2,216410000
2023,TH-92,3,2687713600
2023,TH-92,4,849324430
2023,TH-92,5,1613803600
2023,TH-92,6,212598000
2023,TH-93,1,806789200
2023,TH-93,2,93222300
2023,TH-93,3,2443304400
2023,TH-93,4,1642843370
2023,TH-93,5,1894499400
2023,TH-93,6,62611300
2023,TH-94,1,2266826700
2023,TH-94,2,114914800
2023,TH-94,3,1887743600
2023,TH-94,4,613009060
2023,TH-94,5,2833642600
2023,TH-94,6,18535800
2023,TH-95,1,1733612200
2023,TH-95,2,106318400
2023,TH-95,3,1152664100
2023,TH-95,4,1342380840
2023,TH-95,5,4623638100
2023,TH-95,6,52925100
2023,TH-96,1,2217594100
2023,TH-96,2,175659300
2023,TH-96,3,1934125500
2023,TH-96,4,998153650
2023,TH-96,5,2760516800
2023,TH-96,6,86542200
