Year,Province_ID,Problem_Type,Complaint_Count
2020,TH-81,กฎหมาย,9
2020,TH-81,การร้องเรียนกล่าวโทษเจ้าหน้าที่ของรัฐ,22
2020,TH-81,การเมือง-การปกครอง,3
2020,TH-81,ทรัพยากรธรรมชาติและสิ่งแวดล้อม,5
2020,TH-81,สังคมและสวัสดิการ,115
2020,TH-81,เศรษฐกิจ,34
2020,TH-10,กฎหมาย,354
2020,TH-10,การร้องเรียนกล่าวโทษเจ้าหน้าที่ของรัฐ,1065
2020,TH-10,การเมือง-การปกครอง,244
2020,TH-10,ทรัพยากรธรรมชาติและสิ่งแวดล้อม,200
2020,TH-10,พ.ร.บ. อำนวยความสะดวก,1
2020,TH-10,สังคมและสวัสดิการ,6304
2020,TH-10,เศรษฐกิจ,1020
2020,TH-71,กฎหมาย,13
2020,TH-71,การร้องเรียนกล่าวโทษเจ้าหน้าที่ของรัฐ,38
2020,TH-71,การเมือง-การปกครอง,18
2020,TH-71,ทรัพยากรธรรมชาติและสิ่งแวดล้อม,12
2020,TH-71,พ.ร.บ. อำนวยความสะดวก,1
2020,TH-71,สังคมและสวัสดิการ,256
2020,TH-71,เศรษฐกิจ,48
2020,TH-46,กฎหมาย,5
2020,TH-46,การร้องเรียนกล่าวโทษเจ้าหน้าที่ของรัฐ,38
2020,TH-46,การเมือง-การปกครอง,2
2020,TH-46,ทรัพยากรธรรมชาติและสิ่งแวดล้อม,12
2020,TH-46,สังคมและสวัสดิการ,155
2020,TH-46,เศรษฐกิจ,46
2020,TH-62,กฎหมาย,6
2020,TH-62,การร้องเรียนกล่าวโทษเจ้าหน้าที่ของรัฐ,25
2020,TH-62,การเมือง-การปกครอง,7
2020,TH-62,ทรัพยากรธรรมชาติและสิ่งแวดล้อม,11
2020,TH-62,สังคมและสวัสดิการ,125
2020,TH-62,เศรษฐกิจ,30
2020,TH-40,กฎหมาย,15
2020,TH-40,การร้องเรียนกล่าวโทษเจ้าหน้าที่ของรัฐ,71
2020,TH-40,การเมือง-การปกครอง,17
2020,TH-40,ทรัพยากรธรรมชาติและสิ่งแวดล้อม,10
2020,TH-40,สังคมและสวัสดิการ,296
2020,TH-40,เศรษฐกิจ,89
2020,TH-22,กฎหมาย,7
2020,TH-22,การร้องเรียนกล่าวโทษเจ้าหน้าที่ของรัฐ,34
2020,TH-22,การเมือง-การปกครอง,8
2020,TH-22,ทรัพยากรธรรมชาติและสิ่งแวดล้อม,14
2020,TH-22,สังคมและสวัสดิการ,137
2020,TH-22,เศรษฐกิจ,41
2020,TH-24,กฎหมาย,10
2020,TH-24,การร้องเรียนกล่าวโทษเจ้าหน้าที่ของรัฐ,40
2020,TH-24,การเมือง-การปกครอง,10
2020,TH-24,ทรัพยากรธรรมชาติและสิ่งแวดล้อม,14
2020,TH-24,สังคมและสวัสดิการ,229
2020,TH-24,เศรษฐกิจ,47
2020,TH-20,กฎหมาย,51
2020,TH-20,การร้องเรียนกล่าวโทษเจ้าหน้าที่ของรัฐ,175
2020,TH-20,การเมือง-การปกครอง,28
2020,TH-20,ทรัพยากรธรรมชาติและสิ่งแวดล้อม,16
2020,TH-20,สังคมและสวัสดิการ,794
2020,TH-20,เศรษฐกิจ,171
2020,TH-18,กฎหมาย,4
2020,TH-18,การร้องเรียนกล่าวโทษเจ้าหน้าที่ของรัฐ,26
2020,TH-18,การเมือง-การปกครอง,1
2020,TH-18,ทรัพยากรธรรมชาติและสิ่งแวดล้อม,7
2020,TH-18,สังคมและสวัสดิการ,91
2020,TH-18,เศรษฐกิจ,27
2020,TH-36,กฎหมาย,8
2020,TH-36,การร้องเรียนกล่าวโทษเจ้าหน้าที่ของรัฐ,37
2020,TH-36,การเมือง-การปกครอง,7
2020,TH-36,ทรัพยากรธรรมชาติและสิ่งแวดล้อม,14
2020,TH-36,สังคมและสวัสดิการ,146
2020,TH-36,เศรษฐกิจ,41
2020,TH-86,กฎหมาย,14
2020,TH-86,การร้องเรียนกล่าวโทษเจ้าหน้าที่ของรัฐ,20
2020,TH-86,การเมือง-การปกครอง,2
2020,TH-86,ทรัพยากรธรรมชาติและสิ่งแวดล้อม,8
2020,TH-86,สังคมและสวัสดิการ,123
2020,TH-86,เศรษฐกิจ,25
2020,TH-92,กฎหมาย,8
2020,TH-92,การร้องเรียนกล่าวโทษเจ้าหน้าที่ของรัฐ,31
2020,TH-92,การเมือง-การปกครอง,5
2020,TH-92,ทรัพยากรธรรมชาติและสิ่งแวดล้อม,10
2020,TH-92,สังคมและสวัสดิการ,169
2020,TH-92,เศรษฐกิจ,41
2020,TH-23,กฎหมาย,7
2020,TH-23,การร้องเรียนกล่าวโทษเจ้าหน้าที่ของรัฐ,13
2020,TH-23,การเมือง-การปกครอง,3
2020,TH-23,ทรัพยากรธรรมชาติและสิ่งแวดล้อม,17
2020,TH-23,สังคมและสวัสดิการ,41
2020,TH-23,เศรษฐกิจ,12
2020,TH-63,กฎหมาย,5
2020,TH-63,การร้องเรียนกล่าวโทษเจ้าหน้าที่ของรัฐ,19
2020,TH-63,การเมือง-การปกครอง,3
2020,TH-63,ทรัพยากรธรรมชาติและสิ่งแวดล้อม,5
2020,TH-63,สังคมและสวัสดิการ,72
2020,TH-63,เศรษฐกิจ,18
2020,TH-26,กฎหมาย,3
2020,TH-26,การร้องเรียนกล่าวโทษเจ้าหน้าที่ของรัฐ,27
2020,TH-26,การเมือง-การปกครอง,3
2020,TH-26,ทรัพยากรธรรมชาติและสิ่งแวดล้อม,9
2020,TH-26,สังคมและสวัสดิการ,107
2020,TH-26,เศรษฐกิจ,22
2020,TH-73,กฎหมาย,23
2020,TH-73,การร้องเรียนกล่าวโทษเจ้าหน้าที่ของรัฐ,91
2020,TH-73,การเมือง-การปกครอง,15
2020,TH-73,ทรัพยากรธรรมชาติและสิ่งแวดล้อม,27
2020,TH-73,สังคมและสวัสดิการ,412
2020,TH-73,เศรษฐกิจ,89
2020,TH-48,กฎหมาย,4
2020,TH-48,การร้องเรียนกล่าวโทษเจ้าหน้าที่ของรัฐ,15
2020,TH-48,การเมือง-การปกครอง,3
2020,TH-48,ทรัพยากรธรรมชาติและสิ่งแวดล้อม,3
2020,TH-48,สังคมและสวัสดิการ,71
2020,TH-48,เศรษฐกิจ,16
2020,TH-30,กฎหมาย,37
2020,TH-30,การร้องเรียนกล่าวโทษเจ้าหน้าที่ของรัฐ,116
2020,TH-30,การเมือง-การปกครอง,34
2020,TH-30,ทรัพยากรธรรมชาติและสิ่งแวดล้อม,32
2020,TH-30,สังคมและสวัสดิการ,527
2020,TH-30,เศรษฐกิจ,135
2020,TH-80,กฎหมาย,25
2020,TH-80,การร้องเรียนกล่าวโทษเจ้าหน้าที่ของรัฐ,95
2020,TH-80,การเมือง-การปกครอง,14
2020,TH-80,ทรัพยากรธรรมชาติและสิ่งแวดล้อม,26
2020,TH-80,สังคมและสวัสดิการ,305
2020,TH-80,เศรษฐกิจ,108
2020,TH-60,กฎหมาย,13
2020,TH-60,การร้องเรียนกล่าวโทษเจ้าหน้าที่ของรัฐ,72
2020,TH-60,การเมือง-การปกครอง,12
2020,TH-60,ทรัพยากรธรรมชาติและสิ่งแวดล้อม,22
2020,TH-60,สังคมและสวัสดิการ,223
2020,TH-60,เศรษฐกิจ,74
2020,TH-12,กฎหมาย,55
2020,TH-12,การร้องเรียนกล่าวโทษเจ้าหน้าที่ของรัฐ,218
2020,TH-12,การเมือง-การปกครอง,41
2020,TH-12,ทรัพยากรธรรมชาติและสิ่งแวดล้อม,57
2020,TH-12,สังคมและสวัสดิการ,1102
2020,TH-12,เศรษฐกิจ,195
2020,TH-96,กฎหมาย,4
2020,TH-96,การร้องเรียนกล่าวโทษเจ้าหน้าที่ของรัฐ,23
2020,TH-96,การเมือง-การปกครอง,5
2020,TH-96,ทรัพยากรธรรมชาติและสิ่งแวดล้อม,4
2020,TH-96,สังคมและสวัสดิการ,117
2020,TH-96,เศรษฐกิจ,44
2020,TH-55,กฎหมาย,3
2020,TH-55,การร้องเรียนกล่าวโทษเจ้าหน้าที่ของรัฐ,12
2020,TH-55,การเมือง-การปกครอง,3
2020,TH-55,ทรัพยากรธรรมชาติและสิ่งแวดล้อม,5
2020,TH-55,สังคมและสวัสดิการ,35
2020,TH-55,เศรษฐกิจ,17
2020,TH-38,กฎหมาย,1
2020,TH-38,การร้องเรียนกล่าวโทษเจ้าหน้าที่ของรัฐ,14
2020,TH-38,การเมือง-การปกครอง,6
2020,TH-38,ทรัพยากรธรรมชาติและสิ่งแวดล้อม,2
2020,TH-38,สังคมและสวัสดิการ,71
2020,TH-38,เศรษฐกิจ,15
2020,TH-31,กฎหมาย,9
2020,TH-31,การร้องเรียนกล่าวโทษเจ้าหน้าที่ของรัฐ,58
2020,TH-31,การเมือง-การปกครอง,4
2020,TH-31,ทรัพยากรธรรมชาติและสิ่งแวดล้อม,21
2020,TH-31,สังคมและสวัสดิการ,235
2020,TH-31,เศรษฐกิจ,68
2020,TH-13,กฎหมาย,38
2020,TH-13,การร้องเรียนกล่าวโทษเจ้าหน้าที่ของรัฐ,193
2020,TH-13,การเมือง-การปกครอง,25
2020,TH-13,ทรัพยากรธรรมชาติและสิ่งแวดล้อม,45
2020,TH-13,สังคมและสวัสดิการ,1105
2020,TH-13,เศรษฐกิจ,177
2020,TH-77,กฎหมาย,17
2020,TH-77,การร้องเรียนกล่าวโทษเจ้าหน้าที่ของรัฐ,53
2020,TH-77,การเมือง-การปกครอง,3
2020,TH-77,ทรัพยากรธรรมชาติและสิ่งแวดล้อม,18
2020,TH-77,สังคมและสวัสดิการ,174
2020,TH-77,เศรษฐกิจ,50
2020,TH-25,กฎหมาย,13
2020,TH-25,การร้องเรียนกล่าวโทษเจ้าหน้าที่ของรัฐ,30
2020,TH-25,การเมือง-การปกครอง,1
2020,TH-25,ทรัพยากรธรรมชาติและสิ่งแวดล้อม,4
2020,TH-25,สังคมและสวัสดิการ,121
2020,TH-25,เศรษฐกิจ,24
2020,TH-94,กฎหมาย,1
2020,TH-94,การร้องเรียนกล่าวโทษเจ้าหน้าที่ของรัฐ,15
2020,TH-94,การเมือง-การปกครอง,5
2020,TH-94,ทรัพยากรธรรมชาติและสิ่งแวดล้อม,4
2020,TH-94,สังคมและสวัสดิการ,120
2020,TH-94,เศรษฐกิจ,52
2020,TH-14,กฎหมาย,24
2020,TH-14,การร้องเรียนกล่าวโทษเจ้าหน้าที่ของรัฐ,101
2020,TH-14,การเมือง-การปกครอง,11
2020,TH-14,ทรัพยากรธรรมชาติและสิ่งแวดล้อม,28
2020,TH-14,สังคมและสวัสดิการ,378
2020,TH-14,เศรษฐกิจ,82
2020,TH-56,กฎหมาย,3
2020,TH-56,การร้องเรียนกล่าวโทษเจ้าหน้าที่ของรัฐ,18
2020,TH-56,การเมือง-การปกครอง,4
2020,TH-56,ทรัพยากรธรรมชาติและสิ่งแวดล้อม,9
2020,TH-56,สังคมและสวัสดิการ,69
2020,TH-56,เศรษฐกิจ,22
2020,TH-82,กฎหมาย,6
2020,TH-82,การร้องเรียนกล่าวโทษเจ้าหน้าที่ของรัฐ,23
2020,TH-82,การเมือง-การปกครอง,2
2020,TH-82,ทรัพยากรธรรมชาติและสิ่งแวดล้อม,5
2020,TH-82,สังคมและสวัสดิการ,73
2020,TH-82,เศรษฐกิจ,28
2020,TH-93,กฎหมาย,8
2020,TH-93,การร้องเรียนกล่าวโทษเจ้าหน้าที่ของรัฐ,26
2020,TH-93,การเมือง-การปกครอง,5
2020,TH-93,ทรัพยากรธรรมชาติและสิ่งแวดล้อม,7
2020,TH-93,สังคมและสวัสดิการ,117
2020,TH-93,เศรษฐกิจ,42
2020,TH-66,กฎหมาย,12
2020,TH-66,การร้องเรียนกล่าวโทษเจ้าหน้าที่ของรัฐ,27
2020,TH-66,การเมือง-การปกครอง,5
2020,TH-66,ทรัพยากรธรรมชาติและสิ่งแวดล้อม,8
2020,TH-66,สังคมและสวัสดิการ,88
2020,TH-66,เศรษฐกิจ,32
2020,TH-65,กฎหมาย,16
2020,TH-65,การร้องเรียนกล่าวโทษเจ้าหน้าที่ของรัฐ,27
2020,TH-65,การเมือง-การปกครอง,9
2020,TH-65,ทรัพยากรธรรมชาติและสิ่งแวดล้อม,5
2020,TH-65,สังคมและสวัสดิการ,139
2020,TH-65,เศรษฐกิจ,38
2020,TH-83,กฎหมาย,6
2020,TH-83,การร้องเรียนกล่าวโทษเจ้าหน้าที่ของรัฐ,59
2020,TH-83,การเมือง-การปกครอง,16
2020,TH-83,ทรัพยากรธรรมชาติและสิ่งแวดล้อม,8
2020,TH-83,สังคมและสวัสดิการ,270
2020,TH-83,เศรษฐกิจ,81
2020,TH-44,กฎหมาย,7
2020,TH-44,การร้องเรียนกล่าวโทษเจ้าหน้าที่ของรัฐ,35
2020,TH-44,การเมือง-การปกครอง,9
2020,TH-44,ทรัพยากรธรรมชาติและสิ่งแวดล้อม,9
2020,TH-44,สังคมและสวัสดิการ,138
2020,TH-44,เศรษฐกิจ,34
2020,TH-49,กฎหมาย,4
2020,TH-49,การร้องเรียนกล่าวโทษเจ้าหน้าที่ของรัฐ,10
2020,TH-49,การเมือง-การปกครอง,1
2020,TH-49,ทรัพยากรธรรมชาติและสิ่งแวดล้อม,3
2020,TH-49,สังคมและสวัสดิการ,57
2020,TH-49,เศรษฐกิจ,12
2020,TH-95,กฎหมาย,4
2020,TH-95,การร้องเรียนกล่าวโทษเจ้าหน้าที่ของรัฐ,17
2020,TH-95,การเมือง-การปกครอง,8
2020,TH-95,ทรัพยากรธรรมชาติและสิ่งแวดล้อม,3
2020,TH-95,สังคมและสวัสดิการ,111
2020,TH-95,เศรษฐกิจ,23
2020,TH-35,กฎหมาย,4
2020,TH-35,การร้องเรียนกล่าวโทษเจ้าหน้าที่ของรัฐ,17
2020,TH-35,การเมือง-การปกครอง,4
2020,TH-35,ทรัพยากรธรรมชาติและสิ่งแวดล้อม,6
2020,TH-35,สังคมและสวัสดิการ,69
2020,TH-35,เศรษฐกิจ,15
2020,TH-85,กฎหมาย,3
2020,TH-85,การร้องเรียนกล่าวโทษเจ้าหน้าที่ของรัฐ,11
2020,TH-85,การเมือง-การปกครอง,1
2020,TH-85,ทรัพยากรธรรมชาติและสิ่งแวดล้อม,5
2020,TH-85,สังคมและสวัสดิการ,39
2020,TH-85,เศรษฐกิจ,14
2020,TH-21,กฎหมาย,22
2020,TH-21,การร้องเรียนกล่าวโทษเจ้าหน้าที่ของรัฐ,67
2020,TH-21,การเมือง-การปกครอง,5
2020,TH-21,ทรัพยากรธรรมชาติและสิ่งแวดล้อม,17
2020,TH-21,สังคมและสวัสดิการ,293
2020,TH-21,เศรษฐกิจ,64
2020,TH-70,กฎหมาย,25
2020,TH-70,การร้องเรียนกล่าวโทษเจ้าหน้าที่ของรัฐ,59
2020,TH-70,การเมือง-การปกครอง,10
2020,TH-70,ทรัพยากรธรรมชาติและสิ่งแวดล้อม,10
2020,TH-70,สังคมและสวัสดิการ,249
2020,TH-70,เศรษฐกิจ,67
2020,TH-45,กฎหมาย,11
2020,TH-45,การร้องเรียนกล่าวโทษเจ้าหน้าที่ของรัฐ,47
2020,TH-45,การเมือง-การปกครอง,9
2020,TH-45,ทรัพยากรธรรมชาติและสิ่งแวดล้อม,14
2020,TH-45,สังคมและสวัสดิการ,185
2020,TH-45,เศรษฐกิจ,51
2020,TH-16,กฎหมาย,11
2020,TH-16,การร้องเรียนกล่าวโทษเจ้าหน้าที่ของรัฐ,41
2020,TH-16,การเมือง-การปกครอง,7
2020,TH-16,ทรัพยากรธรรมชาติและสิ่งแวดล้อม,10
2020,TH-16,สังคมและสวัสดิการ,189
2020,TH-16,เศรษฐกิจ,52
2020,TH-52,กฎหมาย,15
2020,TH-52,การร้องเรียนกล่าวโทษเจ้าหน้าที่ของรัฐ,29
2020,TH-52,การเมือง-การปกครอง,3
2020,TH-52,ทรัพยากรธรรมชาติและสิ่งแวดล้อม,4
2020,TH-52,สังคมและสวัสดิการ,119
2020,TH-52,เศรษฐกิจ,33
2020,TH-51,กฎหมาย,4
2020,TH-51,การร้องเรียนกล่าวโทษเจ้าหน้าที่ของรัฐ,10
2020,TH-51,การเมือง-การปกครอง,3
2020,TH-51,ทรัพยากรธรรมชาติและสิ่งแวดล้อม,3
2020,TH-51,สังคมและสวัสดิการ,46
2020,TH-51,เศรษฐกิจ,21
2020,TH-33,กฎหมาย,10
2020,TH-33,การร้องเรียนกล่าวโทษเจ้าหน้าที่ของรัฐ,34
2020,TH-33,การเมือง-การปกครอง,8
2020,TH-33,ทรัพยากรธรรมชาติและสิ่งแวดล้อม,17
2020,TH-33,สังคมและสวัสดิการ,240
2020,TH-33,เศรษฐกิจ,50
2020,TH-47,กฎหมาย,11
2020,TH-47,การร้องเรียนกล่าวโทษเจ้าหน้าที่ของรัฐ,28
2020,TH-47,การเมือง-การปกครอง,8
2020,TH-47,ทรัพยากรธรรมชาติและสิ่งแวดล้อม,11
2020,TH-47,สังคมและสวัสดิการ,151
2020,TH-47,เศรษฐกิจ,41
2020,TH-90,กฎหมาย,20
2020,TH-90,การร้องเรียนกล่าวโทษเจ้าหน้าที่ของรัฐ,78
2020,TH-90,การเมือง-การปกครอง,17
2020,TH-90,ทรัพยากรธรรมชาติและสิ่งแวดล้อม,22
2020,TH-90,สังคมและสวัสดิการ,368
2020,TH-90,เศรษฐกิจ,142
2020,TH-91,กฎหมาย,3
2020,TH-91,การร้องเรียนกล่าวโทษเจ้าหน้าที่ของรัฐ,10
2020,TH-91,การเมือง-การปกครอง,3
2020,TH-91,ทรัพยากรธรรมชาติและสิ่งแวดล้อม,5
2020,TH-91,สังคมและสวัสดิการ,64
2020,TH-91,เศรษฐกิจ,34
2020,TH-11,กฎหมาย,44
2020,TH-11,การร้องเรียนกล่าวโทษเจ้าหน้าที่ของรัฐ,152
2020,TH-11,การเมือง-การปกครอง,19
2020,TH-11,ทรัพยากรธรรมชาติและสิ่งแวดล้อม,59
2020,TH-11,สังคมและสวัสดิการ,926
2020,TH-11,เศรษฐกิจ,207
2020,TH-75,กฎหมาย,2
2020,TH-75,การร้องเรียนกล่าวโทษเจ้าหน้าที่ของรัฐ,8
2020,TH-75,การเมือง-การปกครอง,1
2020,TH-75,ทรัพยากรธรรมชาติและสิ่งแวดล้อม,1
2020,TH-75,สังคมและสวัสดิการ,80
2020,TH-75,เศรษฐกิจ,11
2020,TH-74,กฎหมาย,14
2020,TH-74,การร้องเรียนกล่าวโทษเจ้าหน้าที่ของรัฐ,54
2020,TH-74,การเมือง-การปกครอง,5
2020,TH-74,ทรัพยากรธรรมชาติและสิ่งแวดล้อม,27
2020,TH-74,สังคมและสวัสดิการ,316
2020,TH-74,เศรษฐกิจ,60
2020,TH-19,กฎหมาย,15
2020,TH-19,การร้องเรียนกล่าวโทษเจ้าหน้าที่ของรัฐ,47
2020,TH-19,การเมือง-การปกครอง,8
2020,TH-19,ทรัพยากรธรรมชาติและสิ่งแวดล้อม,11
2020,TH-19,สังคมและสวัสดิการ,210
2020,TH-19,เศรษฐกิจ,48
2020,TH-27,กฎหมาย,9
2020,TH-27,การร้องเรียนกล่าวโทษเจ้าหน้าที่ของรัฐ,27
2020,TH-27,การเมือง-การปกครอง,3
2020,TH-27,ทรัพยากรธรรมชาติและสิ่งแวดล้อม,10
2020,TH-27,สังคมและสวัสดิการ,127
2020,TH-27,เศรษฐกิจ,33
2020,TH-17,กฎหมาย,2
2020,TH-17,การร้องเรียนกล่าวโทษเจ้าหน้าที่ของรัฐ,25
2020,TH-17,การเมือง-การปกครอง,2
2020,TH-17,ทรัพยากรธรรมชาติและสิ่งแวดล้อม,4
2020,TH-17,สังคมและสวัสดิการ,73
2020,TH-17,เศรษฐกิจ,12
2020,TH-72,กฎหมาย,13
2020,TH-72,การร้องเรียนกล่าวโทษเจ้าหน้าที่ของรัฐ,52
2020,TH-72,การเมือง-การปกครอง,12
2020,TH-72,ทรัพยากรธรรมชาติและสิ่งแวดล้อม,26
2020,TH-72,สังคมและสวัสดิการ,196
2020,TH-72,เศรษฐกิจ,66
2020,TH-84,กฎหมาย,18
2020,TH-84,การร้องเรียนกล่าวโทษเจ้าหน้าที่ของรัฐ,59
2020,TH-84,การเมือง-การปกครอง,17
2020,TH-84,ทรัพยากรธรรมชาติและสิ่งแวดล้อม,17
2020,TH-84,สังคมและสวัสดิการ,256
2020,TH-84,เศรษฐกิจ,104
2020,TH-32,กฎหมาย,10
2020,TH-32,การร้องเรียนกล่าวโทษเจ้าหน้าที่ของรัฐ,38
2020,TH-32,การเมือง-การปกครอง,4
2020,TH-32,ทรัพยากรธรรมชาติและสิ่งแวดล้อม,16
2020,TH-32,สังคมและสวัสดิการ,194
2020,TH-32,เศรษฐกิจ,53
2020,TH-64,กฎหมาย,3
2020,TH-64,การร้องเรียนกล่าวโทษเจ้าหน้าที่ของรัฐ,26
2020,TH-64,การเมือง-การปกครอง,3
2020,TH-64,ทรัพยากรธรรมชาติและสิ่งแวดล้อม,6
2020,TH-64,สังคมและสวัสดิการ,69
2020,TH-64,เศรษฐกิจ,29
2020,TH-43,กฎหมาย,4
2020,TH-43,การร้องเรียนกล่าวโทษเจ้าหน้าที่ของรัฐ,18
2020,TH-43,การเมือง-การปกครอง,3
2020,TH-43,ทรัพยากรธรรมชาติและสิ่งแวดล้อม,3
2020,TH-43,สังคมและสวัสดิการ,71
2020,TH-43,เศรษฐกิจ,20
2020,TH-39,กฎหมาย,2
2020,TH-39,การร้องเรียนกล่าวโทษเจ้าหน้าที่ของรัฐ,17
2020,TH-39,การเมือง-การปกครอง,2
2020,TH-39,ทรัพยากรธรรมชาติและสิ่งแวดล้อม,3
2020,TH-39,สังคมและสวัสดิการ,58
2020,TH-39,เศรษฐกิจ,19
2020,TH-37,กฎหมาย,4
2020,TH-37,การร้องเรียนกล่าวโทษเจ้าหน้าที่ของรัฐ,25
2020,TH-37,การเมือง-การปกครอง,3
2020,TH-37,ทรัพยากรธรรมชาติและสิ่งแวดล้อม,13
2020,TH-37,สังคมและสวัสดิการ,77
2020,TH-37,เศรษฐกิจ,21
2020,TH-41,กฎหมาย,13
2020,TH-41,การร้องเรียนกล่าวโทษเจ้าหน้าที่ของรัฐ,63
2020,TH-41,การเมือง-การปกครอง,13
2020,TH-41,ทรัพยากรธรรมชาติและสิ่งแวดล้อม,7
2020,TH-41,สังคมและสวัสดิการ,242
2020,TH-41,เศรษฐกิจ,62
2020,TH-53,กฎหมาย,6
2020,TH-53,การร้องเรียนกล่าวโทษเจ้าหน้าที่ของรัฐ,14
2020,TH-53,การเมือง-การปกครอง,3
2020,TH-53,ทรัพยากรธรรมชาติและสิ่งแวดล้อม,11
2020,TH-53,สังคมและสวัสดิการ,88
2020,TH-53,เศรษฐกิจ,28
2020,TH-61,กฎหมาย,5
2020,TH-61,การร้องเรียนกล่าวโทษเจ้าหน้าที่ของรัฐ,20
2020,TH-61,การเมือง-การปกครอง,1
2020,TH-61,ทรัพยากรธรรมชาติและสิ่งแวดล้อม,12
2020,TH-61,สังคมและสวัสดิการ,78
2020,TH-61,เศรษฐกิจ,20
2020,TH-34,กฎหมาย,15
2020,TH-34,การร้องเรียนกล่าวโทษเจ้าหน้าที่ของรัฐ,61
2020,TH-34,การเมือง-การปกครอง,9
2020,TH-34,ทรัพยากรธรรมชาติและสิ่งแวดล้อม,22
2020,TH-34,สังคมและสวัสดิการ,268
2020,TH-34,เศรษฐกิจ,63
2020,TH-15,กฎหมาย,4
2020,TH-15,การร้องเรียนกล่าวโทษเจ้าหน้าที่ของรัฐ,30
2020,TH-15,การเมือง-การปกครอง,1
2020,TH-15,ทรัพยากรธรรมชาติและสิ่งแวดล้อม,9
2020,TH-15,สังคมและสวัสดิการ,104
2020,TH-15,เศรษฐกิจ,22
2020,TH-57,กฎหมาย,9
2020,TH-57,การร้องเรียนกล่าวโทษเจ้าหน้าที่ของรัฐ,31
2020,TH-57,การเมือง-การปกครอง,10
2020,TH-57,ทรัพยากรธรรมชาติและสิ่งแวดล้อม,9
2020,TH-57,สังคมและสวัสดิการ,155
2020,TH-57,เศรษฐกิจ,46
2020,TH-50,กฎหมาย,23
2020,TH-50,การร้องเรียนกล่าวโทษเจ้าหน้าที่ของรัฐ,77
2020,TH-50,การเมือง-การปกครอง,20
2020,TH-50,ทรัพยากรธรรมชาติและสิ่งแวดล้อม,17
2020,TH-50,สังคมและสวัสดิการ,356
2020,TH-50,เศรษฐกิจ,127
2020,TH-76,กฎหมาย,11
2020,TH-76,การร้องเรียนกล่าวโทษเจ้าหน้าที่ของรัฐ,44
2020,TH-76,การเมือง-การปกครอง,10
2020,TH-76,ทรัพยากรธรรมชาติและสิ่งแวดล้อม,14
2020,TH-76,สังคมและสวัสดิการ,131
2020,TH-76,เศรษฐกิจ,41
2020,TH-67,กฎหมาย,10
2020,TH-67,การร้องเรียนกล่าวโทษเจ้าหน้าที่ของรัฐ,40
2020,TH-67,การเมือง-การปกครอง,10
2020,TH-67,ทรัพยากรธรรมชาติและสิ่งแวดล้อม,11
2020,TH-67,สังคมและสวัสดิการ,159
2020,TH-67,เศรษฐกิจ,56
2020,TH-42,กฎหมาย,5
2020,TH-42,การร้องเรียนกล่าวโทษเจ้าหน้าที่ของรัฐ,25
2020,TH-42,การเมือง-การปกครอง,5
2020,TH-42,ทรัพยากรธรรมชาติและสิ่งแวดล้อม,5
2020,TH-42,สังคมและสวัสดิการ,90
2020,TH-42,เศรษฐกิจ,22
2020,TH-54,กฎหมาย,1
2020,TH-54,การร้องเรียนกล่าวโทษเจ้าหน้าที่ของรัฐ,20
2020,TH-54,การเมือง-การปกครอง,4
2020,TH-54,ทรัพยากรธรรมชาติและสิ่งแวดล้อม,5
2020,TH-54,สังคมและสวัสดิการ,53
2020,TH-54,เศรษฐกิจ,24
2020,TH-58,กฎหมาย,1
2020,TH-58,การร้องเรียนกล่าวโทษเจ้าหน้าที่ของรัฐ,9
2020,TH-58,การเมือง-การปกครอง,2
2020,TH-58,ทรัพยากรธรรมชาติและสิ่งแวดล้อม,1
2020,TH-58,สังคมและสวัสดิการ,19
2020,TH-58,เศรษฐกิจ,7
2021,TH-81,กฎหมาย,11
2021,TH-81,การร้องเรียนกล่าวโทษเจ้าหน้าที่ของรัฐ,31
2021,TH-81,การเมือง-การปกครอง,6
2021,TH-81,ทรัพยากรธรรมชาติและสิ่งแวดล้อม,5
2021,TH-81,สังคมและสวัสดิการ,126
2021,TH-81,เศรษฐกิจ,27
2021,TH-10,กฎหมาย,372
2021,TH-10,การร้องเรียนกล่าวโทษเจ้าหน้าที่ของรัฐ,1177
2021,TH-10,การเมือง-การปกครอง,247
2021,TH-10,ทรัพยากรธรรมชาติและสิ่งแวดล้อม,195
2021,TH-10,สังคมและสวัสดิการ,6674
2021,TH-10,เศรษฐกิจ,1079
2021,TH-71,กฎหมาย,11
2021,TH-71,การร้องเรียนกล่าวโทษเจ้าหน้าที่ของรัฐ,64
2021,TH-71,การเมือง-การปกครอง,7
2021,TH-71,ทรัพยากรธรรมชาติและสิ่งแวดล้อม,12
2021,TH-71,สังคมและสวัสดิการ,195
2021,TH-71,เศรษฐกิจ,46
2021,TH-46,กฎหมาย,9
2021,TH-46,การร้องเรียนกล่าวโทษเจ้าหน้าที่ของรัฐ,26
2021,TH-46,การเมือง-การปกครอง,2
2021,TH-46,ทรัพยากรธรรมชาติและสิ่งแวดล้อม,6
2021,TH-46,สังคมและสวัสดิการ,89
2021,TH-46,เศรษฐกิจ,22
2021,TH-62,กฎหมาย,1
2021,TH-62,การร้องเรียนกล่าวโทษเจ้าหน้าที่ของรัฐ,24
2021,TH-62,การเมือง-การปกครอง,4
2021,TH-62,ทรัพยากรธรรมชาติและสิ่งแวดล้อม,9
2021,TH-62,สังคมและสวัสดิการ,74
2021,TH-62,เศรษฐกิจ,19
2021,TH-40,กฎหมาย,14
2021,TH-40,การร้องเรียนกล่าวโทษเจ้าหน้าที่ของรัฐ,103
2021,TH-40,การเมือง-การปกครอง,16
2021,TH-40,ทรัพยากรธรรมชาติและสิ่งแวดล้อม,17
2021,TH-40,สังคมและสวัสดิการ,243
2021,TH-40,เศรษฐกิจ,39
2021,TH-22,กฎหมาย,6
2021,TH-22,การร้องเรียนกล่าวโทษเจ้าหน้าที่ของรัฐ,35
2021,TH-22,การเมือง-การปกครอง,3
2021,TH-22,ทรัพยากรธรรมชาติและสิ่งแวดล้อม,16
2021,TH-22,สังคมและสวัสดิการ,99
2021,TH-22,เศรษฐกิจ,31
2021,TH-24,กฎหมาย,17
2021,TH-24,การร้องเรียนกล่าวโทษเจ้าหน้าที่ของรัฐ,60
2021,TH-24,การเมือง-การปกครอง,6
2021,TH-24,ทรัพยากรธรรมชาติและสิ่งแวดล้อม,18
2021,TH-24,สังคมและสวัสดิการ,216
2021,TH-24,เศรษฐกิจ,41
2021,TH-20,กฎหมาย,61
2021,TH-20,การร้องเรียนกล่าวโทษเจ้าหน้าที่ของรัฐ,141
2021,TH-20,การเมือง-การปกครอง,17
2021,TH-20,ทรัพยากรธรรมชาติและสิ่งแวดล้อม,22
2021,TH-20,พ.ร.บ. อำนวยความสะดวก,1
2021,TH-20,สังคมและสวัสดิการ,690
2021,TH-20,เศรษฐกิจ,156
2021,TH-18,กฎหมาย,2
2021,TH-18,การร้องเรียนกล่าวโทษเจ้าหน้าที่ของรัฐ,11
2021,TH-18,การเมือง-การปกครอง,7
2021,TH-18,ทรัพยากรธรรมชาติและสิ่งแวดล้อม,6
2021,TH-18,สังคมและสวัสดิการ,65
2021,TH-18,เศรษฐกิจ,12
2021,TH-36,กฎหมาย,13
2021,TH-36,การร้องเรียนกล่าวโทษเจ้าหน้าที่ของรัฐ,33
2021,TH-36,การเมือง-การปกครอง,7
2021,TH-36,ทรัพยากรธรรมชาติและสิ่งแวดล้อม,9
2021,TH-36,สังคมและสวัสดิการ,66
2021,TH-36,เศรษฐกิจ,17
2021,TH-86,กฎหมาย,8
2021,TH-86,การร้องเรียนกล่าวโทษเจ้าหน้าที่ของรัฐ,19
2021,TH-86,การเมือง-การปกครอง,4
2021,TH-86,ทรัพยากรธรรมชาติและสิ่งแวดล้อม,9
2021,TH-86,สังคมและสวัสดิการ,118
2021,TH-86,เศรษฐกิจ,23
2021,TH-92,กฎหมาย,15
2021,TH-92,การร้องเรียนกล่าวโทษเจ้าหน้าที่ของรัฐ,27
2021,TH-92,การเมือง-การปกครอง,4
2021,TH-92,ทรัพยากรธรรมชาติและสิ่งแวดล้อม,7
2021,TH-92,สังคมและสวัสดิการ,118
2021,TH-92,เศรษฐกิจ,22
2021,TH-23,กฎหมาย,2
2021,TH-23,การร้องเรียนกล่าวโทษเจ้าหน้าที่ของรัฐ,4
2021,TH-23,การเมือง-การปกครอง,2
2021,TH-23,ทรัพยากรธรรมชาติและสิ่งแวดล้อม,2
2021,TH-23,สังคมและสวัสดิการ,30
2021,TH-23,เศรษฐกิจ,12
2021,TH-63,กฎหมาย,4
2021,TH-63,การร้องเรียนกล่าวโทษเจ้าหน้าที่ของรัฐ,26
2021,TH-63,การเมือง-การปกครอง,5
2021,TH-63,ทรัพยากรธรรมชาติและสิ่งแวดล้อม,11
2021,TH-63,สังคมและสวัสดิการ,50
2021,TH-63,เศรษฐกิจ,15
2021,TH-26,กฎหมาย,9
2021,TH-26,การร้องเรียนกล่าวโทษเจ้าหน้าที่ของรัฐ,21
2021,TH-26,การเมือง-การปกครอง,4
2021,TH-26,ทรัพยากรธรรมชาติและสิ่งแวดล้อม,5
2021,TH-26,สังคมและสวัสดิการ,110
2021,TH-26,เศรษฐกิจ,16
2021,TH-73,กฎหมาย,32
2021,TH-73,การร้องเรียนกล่าวโทษเจ้าหน้าที่ของรัฐ,96
2021,TH-73,การเมือง-การปกครอง,9
2021,TH-73,ทรัพยากรธรรมชาติและสิ่งแวดล้อม,27
2021,TH-73,สังคมและสวัสดิการ,439
2021,TH-73,เศรษฐกิจ,88
2021,TH-48,กฎหมาย,6
2021,TH-48,การร้องเรียนกล่าวโทษเจ้าหน้าที่ของรัฐ,12
2021,TH-48,การเมือง-การปกครอง,3
2021,TH-48,ทรัพยากรธรรมชาติและสิ่งแวดล้อม,2
2021,TH-48,สังคมและสวัสดิการ,34
2021,TH-48,เศรษฐกิจ,12
2021,TH-30,กฎหมาย,26
2021,TH-30,การร้องเรียนกล่าวโทษเจ้าหน้าที่ของรัฐ,106
2021,TH-30,การเมือง-การปกครอง,26
2021,TH-30,ทรัพยากรธรรมชาติและสิ่งแวดล้อม,32
2021,TH-30,สังคมและสวัสดิการ,352
2021,TH-30,เศรษฐกิจ,95
2021,TH-80,กฎหมาย,26
2021,TH-80,การร้องเรียนกล่าวโทษเจ้าหน้าที่ของรัฐ,75
2021,TH-80,การเมือง-การปกครอง,4
2021,TH-80,ทรัพยากรธรรมชาติและสิ่งแวดล้อม,26
2021,TH-80,สังคมและสวัสดิการ,238
2021,TH-80,เศรษฐกิจ,78
2021,TH-60,กฎหมาย,12
2021,TH-60,การร้องเรียนกล่าวโทษเจ้าหน้าที่ของรัฐ,64
2021,TH-60,การเมือง-การปกครอง,18
2021,TH-60,ทรัพยากรธรรมชาติและสิ่งแวดล้อม,15
2021,TH-60,สังคมและสวัสดิการ,162
2021,TH-60,เศรษฐกิจ,30
2021,TH-12,กฎหมาย,67
2021,TH-12,การร้องเรียนกล่าวโทษเจ้าหน้าที่ของรัฐ,204
2021,TH-12,การเมือง-การปกครอง,29
2021,TH-12,ทรัพยากรธรรมชาติและสิ่งแวดล้อม,45
2021,TH-12,สังคมและสวัสดิการ,1097
2021,TH-12,เศรษฐกิจ,246
2021,TH-96,กฎหมาย,7
2021,TH-96,การร้องเรียนกล่าวโทษเจ้าหน้าที่ของรัฐ,25
2021,TH-96,การเมือง-การปกครอง,5
2021,TH-96,ทรัพยากรธรรมชาติและสิ่งแวดล้อม,3
2021,TH-96,สังคมและสวัสดิการ,74
2021,TH-96,เศรษฐกิจ,17
2021,TH-55,กฎหมาย,3
2021,TH-55,การร้องเรียนกล่าวโทษเจ้าหน้าที่ของรัฐ,11
2021,TH-55,การเมือง-การปกครอง,2
2021,TH-55,ทรัพยากรธรรมชาติและสิ่งแวดล้อม,4
2021,TH-55,สังคมและสวัสดิการ,19
2021,TH-55,เศรษฐกิจ,12
2021,TH-38,กฎหมาย,3
2021,TH-38,การร้องเรียนกล่าวโทษเจ้าหน้าที่ของรัฐ,10
2021,TH-38,การเมือง-การปกครอง,4
2021,TH-38,สังคมและสวัสดิการ,30
2021,TH-38,เศรษฐกิจ,8
2021,TH-31,กฎหมาย,10
2021,TH-31,การร้องเรียนกล่าวโทษเจ้าหน้าที่ของรัฐ,67
2021,TH-31,การเมือง-การปกครอง,16
2021,TH-31,ทรัพยากรธรรมชาติและสิ่งแวดล้อม,10
2021,TH-31,สังคมและสวัสดิการ,152
2021,TH-31,เศรษฐกิจ,29
2021,TH-13,กฎหมาย,55
2021,TH-13,การร้องเรียนกล่าวโทษเจ้าหน้าที่ของรัฐ,159
2021,TH-13,การเมือง-การปกครอง,27
2021,TH-13,ทรัพยากรธรรมชาติและสิ่งแวดล้อม,22
2021,TH-13,สังคมและสวัสดิการ,916
2021,TH-13,เศรษฐกิจ,170
2021,TH-77,กฎหมาย,14
2021,TH-77,การร้องเรียนกล่าวโทษเจ้าหน้าที่ของรัฐ,57
2021,TH-77,การเมือง-การปกครอง,7
2021,TH-77,ทรัพยากรธรรมชาติและสิ่งแวดล้อม,12
2021,TH-77,สังคมและสวัสดิการ,135
2021,TH-77,เศรษฐกิจ,34
2021,TH-25,กฎหมาย,4
2021,TH-25,การร้องเรียนกล่าวโทษเจ้าหน้าที่ของรัฐ,30
2021,TH-25,การเมือง-การปกครอง,7
2021,TH-25,ทรัพยากรธรรมชาติและสิ่งแวดล้อม,2
2021,TH-25,สังคมและสวัสดิการ,111
2021,TH-25,เศรษฐกิจ,24
2021,TH-94,กฎหมาย,3
2021,TH-94,การร้องเรียนกล่าวโทษเจ้าหน้าที่ของรัฐ,25
2021,TH-94,สังคมและสวัสดิการ,68
2021,TH-94,เศรษฐกิจ,11
2021,TH-14,กฎหมาย,28
2021,TH-14,การร้องเรียนกล่าวโทษเจ้าหน้าที่ของรัฐ,84
2021,TH-14,การเมือง-การปกครอง,14
2021,TH-14,ทรัพยากรธรรมชาติและสิ่งแวดล้อม,48
2021,TH-14,สังคมและสวัสดิการ,403
2021,TH-14,เศรษฐกิจ,68
2021,TH-56,กฎหมาย,2
2021,TH-56,การร้องเรียนกล่าวโทษเจ้าหน้าที่ของรัฐ,13
2021,TH-56,ทรัพยากรธรรมชาติและสิ่งแวดล้อม,2
2021,TH-56,สังคมและสวัสดิการ,44
2021,TH-56,เศรษฐกิจ,6
2021,TH-82,กฎหมาย,1
2021,TH-82,การร้องเรียนกล่าวโทษเจ้าหน้าที่ของรัฐ,22
2021,TH-82,การเมือง-การปกครอง,6
2021,TH-82,ทรัพยากรธรรมชาติและสิ่งแวดล้อม,3
2021,TH-82,สังคมและสวัสดิการ,52
2021,TH-82,เศรษฐกิจ,10
2021,TH-93,กฎหมาย,5
2021,TH-93,การร้องเรียนกล่าวโทษเจ้าหน้าที่ของรัฐ,25
2021,TH-93,การเมือง-การปกครอง,3
2021,TH-93,ทรัพยากรธรรมชาติและสิ่งแวดล้อม,5
2021,TH-93,สังคมและสวัสดิการ,57
2021,TH-93,เศรษฐกิจ,14
2021,TH-66,กฎหมาย,9
2021,TH-66,การร้องเรียนกล่าวโทษเจ้าหน้าที่ของรัฐ,39
2021,TH-66,การเมือง-การปกครอง,11
2021,TH-66,ทรัพยากรธรรมชาติและสิ่งแวดล้อม,5
2021,TH-66,สังคมและสวัสดิการ,58
2021,TH-66,เศรษฐกิจ,23
2021,TH-65,กฎหมาย,11
2021,TH-65,การร้องเรียนกล่าวโทษเจ้าหน้าที่ของรัฐ,36
2021,TH-65,การเมือง-การปกครอง,8
2021,TH-65,ทรัพยากรธรรมชาติและสิ่งแวดล้อม,5
2021,TH-65,สังคมและสวัสดิการ,113
2021,TH-65,เศรษฐกิจ,26
2021,TH-83,กฎหมาย,25
2021,TH-83,การร้องเรียนกล่าวโทษเจ้าหน้าที่ของรัฐ,41
2021,TH-83,การเมือง-การปกครอง,4
2021,TH-83,ทรัพยากรธรรมชาติและสิ่งแวดล้อม,3
2021,TH-83,สังคมและสวัสดิการ,167
2021,TH-83,เศรษฐกิจ,40
2021,TH-44,กฎหมาย,4
2021,TH-44,การร้องเรียนกล่าวโทษเจ้าหน้าที่ของรัฐ,29
2021,TH-44,การเมือง-การปกครอง,6
2021,TH-44,ทรัพยากรธรรมชาติและสิ่งแวดล้อม,3
2021,TH-44,สังคมและสวัสดิการ,88
2021,TH-44,เศรษฐกิจ,17
2021,TH-49,กฎหมาย,1
2021,TH-49,การร้องเรียนกล่าวโทษเจ้าหน้าที่ของรัฐ,17
2021,TH-49,การเมือง-การปกครอง,5
2021,TH-49,ทรัพยากรธรรมชาติและสิ่งแวดล้อม,4
2021,TH-49,สังคมและสวัสดิการ,27
2021,TH-49,เศรษฐกิจ,4
2021,TH-95,กฎหมาย,4
2021,TH-95,การร้องเรียนกล่าวโทษเจ้าหน้าที่ของรัฐ,15
2021,TH-95,การเมือง-การปกครอง,5
2021,TH-95,ทรัพยากรธรรมชาติและสิ่งแวดล้อม,1
2021,TH-95,สังคมและสวัสดิการ,51
2021,TH-95,เศรษฐกิจ,9
2021,TH-35,กฎหมาย,8
2021,TH-35,การร้องเรียนกล่าวโทษเจ้าหน้าที่ของรัฐ,18
2021,TH-35,การเมือง-การปกครอง,3
2021,TH-35,ทรัพยากรธรรมชาติและสิ่งแวดล้อม,7
2021,TH-35,สังคมและสวัสดิการ,34
2021,TH-35,เศรษฐกิจ,19
2021,TH-85,กฎหมาย,5
2021,TH-85,การร้องเรียนกล่าวโทษเจ้าหน้าที่ของรัฐ,16
2021,TH-85,การเมือง-การปกครอง,5
2021,TH-85,ทรัพยากรธรรมชาติและสิ่งแวดล้อม,6
2021,TH-85,สังคมและสวัสดิการ,41
2021,TH-85,เศรษฐกิจ,10
2021,TH-21,กฎหมาย,16
2021,TH-21,การร้องเรียนกล่าวโทษเจ้าหน้าที่ของรัฐ,50
2021,TH-21,การเมือง-การปกครอง,5
2021,TH-21,ทรัพยากรธรรมชาติและสิ่งแวดล้อม,12
2021,TH-21,สังคมและสวัสดิการ,220
2021,TH-21,เศรษฐกิจ,54
2021,TH-70,กฎหมาย,19
2021,TH-70,การร้องเรียนกล่าวโทษเจ้าหน้าที่ของรัฐ,54
2021,TH-70,การเมือง-การปกครอง,6
2021,TH-70,ทรัพยากรธรรมชาติและสิ่งแวดล้อม,8
2021,TH-70,สังคมและสวัสดิการ,201
2021,TH-70,เศรษฐกิจ,47
2021,TH-45,กฎหมาย,16
2021,TH-45,การร้องเรียนกล่าวโทษเจ้าหน้าที่ของรัฐ,45
2021,TH-45,การเมือง-การปกครอง,7
2021,TH-45,ทรัพยากรธรรมชาติและสิ่งแวดล้อม,20
2021,TH-45,สังคมและสวัสดิการ,91
2021,TH-45,เศรษฐกิจ,34
2021,TH-16,กฎหมาย,10
2021,TH-16,การร้องเรียนกล่าวโทษเจ้าหน้าที่ของรัฐ,54
2021,TH-16,การเมือง-การปกครอง,4
2021,TH-16,ทรัพยากรธรรมชาติและสิ่งแวดล้อม,21
2021,TH-16,สังคมและสวัสดิการ,154
2021,TH-16,เศรษฐกิจ,34
2021,TH-52,กฎหมาย,11
2021,TH-52,การร้องเรียนกล่าวโทษเจ้าหน้าที่ของรัฐ,27
2021,TH-52,การเมือง-การปกครอง,6
2021,TH-52,ทรัพยากรธรรมชาติและสิ่งแวดล้อม,5
2021,TH-52,สังคมและสวัสดิการ,49
2021,TH-52,เศรษฐกิจ,20
2021,TH-51,กฎหมาย,2
2021,TH-51,การร้องเรียนกล่าวโทษเจ้าหน้าที่ของรัฐ,13
2021,TH-51,การเมือง-การปกครอง,5
2021,TH-51,ทรัพยากรธรรมชาติและสิ่งแวดล้อม,3
2021,TH-51,สังคมและสวัสดิการ,44
2021,TH-51,เศรษฐกิจ,15
2021,TH-33,กฎหมาย,8
2021,TH-33,การร้องเรียนกล่าวโทษเจ้าหน้าที่ของรัฐ,35
2021,TH-33,การเมือง-การปกครอง,12
2021,TH-33,ทรัพยากรธรรมชาติและสิ่งแวดล้อม,7
2021,TH-33,สังคมและสวัสดิการ,115
2021,TH-33,เศรษฐกิจ,33
2021,TH-47,กฎหมาย,16
2021,TH-47,การร้องเรียนกล่าวโทษเจ้าหน้าที่ของรัฐ,24
2021,TH-47,การเมือง-การปกครอง,9
2021,TH-47,ทรัพยากรธรรมชาติและสิ่งแวดล้อม,7
2021,TH-47,สังคมและสวัสดิการ,71
2021,TH-47,เศรษฐกิจ,28
2021,TH-90,กฎหมาย,26
2021,TH-90,การร้องเรียนกล่าวโทษเจ้าหน้าที่ของรัฐ,96
2021,TH-90,การเมือง-การปกครอง,9
2021,TH-90,ทรัพยากรธรรมชาติและสิ่งแวดล้อม,21
2021,TH-90,สังคมและสวัสดิการ,300
2021,TH-90,เศรษฐกิจ,72
2021,TH-91,กฎหมาย,3
2021,TH-91,การร้องเรียนกล่าวโทษเจ้าหน้าที่ของรัฐ,12
2021,TH-91,การเมือง-การปกครอง,5
2021,TH-91,ทรัพยากรธรรมชาติและสิ่งแวดล้อม,1
2021,TH-91,สังคมและสวัสดิการ,28
2021,TH-91,เศรษฐกิจ,4
2021,TH-11,กฎหมาย,56
2021,TH-11,การร้องเรียนกล่าวโทษเจ้าหน้าที่ของรัฐ,156
2021,TH-11,การเมือง-การปกครอง,25
2021,TH-11,ทรัพยากรธรรมชาติและสิ่งแวดล้อม,50
2021,TH-11,สังคมและสวัสดิการ,981
2021,TH-11,เศรษฐกิจ,222
2021,TH-75,กฎหมาย,2
2021,TH-75,การร้องเรียนกล่าวโทษเจ้าหน้าที่ของรัฐ,16
2021,TH-75,ทรัพยากรธรรมชาติและสิ่งแวดล้อม,3
2021,TH-75,สังคมและสวัสดิการ,75
2021,TH-75,เศรษฐกิจ,8
2021,TH-74,กฎหมาย,18
2021,TH-74,การร้องเรียนกล่าวโทษเจ้าหน้าที่ของรัฐ,85
2021,TH-74,การเมือง-การปกครอง,9
2021,TH-74,ทรัพยากรธรรมชาติและสิ่งแวดล้อม,23
2021,TH-74,สังคมและสวัสดิการ,342
2021,TH-74,เศรษฐกิจ,60
2021,TH-19,กฎหมาย,12
2021,TH-19,การร้องเรียนกล่าวโทษเจ้าหน้าที่ของรัฐ,64
2021,TH-19,การเมือง-การปกครอง,6
2021,TH-19,ทรัพยากรธรรมชาติและสิ่งแวดล้อม,11
2021,TH-19,สังคมและสวัสดิการ,223
2021,TH-19,เศรษฐกิจ,37
2021,TH-27,กฎหมาย,9
2021,TH-27,การร้องเรียนกล่าวโทษเจ้าหน้าที่ของรัฐ,23
2021,TH-27,การเมือง-การปกครอง,5
2021,TH-27,ทรัพยากรธรรมชาติและสิ่งแวดล้อม,7
2021,TH-27,สังคมและสวัสดิการ,59
2021,TH-27,เศรษฐกิจ,18
2021,TH-17,กฎหมาย,6
2021,TH-17,การร้องเรียนกล่าวโทษเจ้าหน้าที่ของรัฐ,29
2021,TH-17,การเมือง-การปกครอง,5
2021,TH-17,ทรัพยากรธรรมชาติและสิ่งแวดล้อม,4
2021,TH-17,สังคมและสวัสดิการ,40
2021,TH-17,เศรษฐกิจ,14
2021,TH-72,กฎหมาย,19
2021,TH-72,การร้องเรียนกล่าวโทษเจ้าหน้าที่ของรัฐ,49
2021,TH-72,การเมือง-การปกครอง,8
2021,TH-72,ทรัพยากรธรรมชาติและสิ่งแวดล้อม,20
2021,TH-72,สังคมและสวัสดิการ,172
2021,TH-72,เศรษฐกิจ,41
2021,TH-84,กฎหมาย,18
2021,TH-84,การร้องเรียนกล่าวโทษเจ้าหน้าที่ของรัฐ,71
2021,TH-84,การเมือง-การปกครอง,7
2021,TH-84,ทรัพยากรธรรมชาติและสิ่งแวดล้อม,22
2021,TH-84,สังคมและสวัสดิการ,237
2021,TH-84,เศรษฐกิจ,72
2021,TH-32,กฎหมาย,14
2021,TH-32,การร้องเรียนกล่าวโทษเจ้าหน้าที่ของรัฐ,31
2021,TH-32,การเมือง-การปกครอง,10
2021,TH-32,ทรัพยากรธรรมชาติและสิ่งแวดล้อม,10
2021,TH-32,สังคมและสวัสดิการ,109
2021,TH-32,เศรษฐกิจ,45
2021,TH-64,กฎหมาย,7
2021,TH-64,การร้องเรียนกล่าวโทษเจ้าหน้าที่ของรัฐ,17
2021,TH-64,การเมือง-การปกครอง,7
2021,TH-64,ทรัพยากรธรรมชาติและสิ่งแวดล้อม,7
2021,TH-64,สังคมและสวัสดิการ,56
2021,TH-64,เศรษฐกิจ,13
2021,TH-43,กฎหมาย,4
2021,TH-43,การร้องเรียนกล่าวโทษเจ้าหน้าที่ของรัฐ,9
2021,TH-43,การเมือง-การปกครอง,2
2021,TH-43,ทรัพยากรธรรมชาติและสิ่งแวดล้อม,1
2021,TH-43,สังคมและสวัสดิการ,40
2021,TH-43,เศรษฐกิจ,12
2021,TH-39,กฎหมาย,2
2021,TH-39,การร้องเรียนกล่าวโทษเจ้าหน้าที่ของรัฐ,9
2021,TH-39,การเมือง-การปกครอง,3
2021,TH-39,สังคมและสวัสดิการ,33
2021,TH-39,เศรษฐกิจ,8
2021,TH-37,กฎหมาย,2
2021,TH-37,การร้องเรียนกล่าวโทษเจ้าหน้าที่ของรัฐ,13
2021,TH-37,การเมือง-การปกครอง,3
2021,TH-37,ทรัพยากรธรรมชาติและสิ่งแวดล้อม,7
2021,TH-37,สังคมและสวัสดิการ,27
2021,TH-37,เศรษฐกิจ,5
2021,TH-41,กฎหมาย,21
2021,TH-41,การร้องเรียนกล่าวโทษเจ้าหน้าที่ของรัฐ,107
2021,TH-41,การเมือง-การปกครอง,10
2021,TH-41,ทรัพยากรธรรมชาติและสิ่งแวดล้อม,5
2021,TH-41,สังคมและสวัสดิการ,198
2021,TH-41,เศรษฐกิจ,41
2021,TH-53,กฎหมาย,10
2021,TH-53,การร้องเรียนกล่าวโทษเจ้าหน้าที่ของรัฐ,19
2021,TH-53,การเมือง-การปกครอง,6
2021,TH-53,ทรัพยากรธรรมชาติและสิ่งแวดล้อม,10
2021,TH-53,สังคมและสวัสดิการ,58
2021,TH-53,เศรษฐกิจ,10
2021,TH-61,กฎหมาย,4
2021,TH-61,การร้องเรียนกล่าวโทษเจ้าหน้าที่ของรัฐ,9
2021,TH-61,การเมือง-การปกครอง,5
2021,TH-61,ทรัพยากรธรรมชาติและสิ่งแวดล้อม,12
2021,TH-61,สังคมและสวัสดิการ,47
2021,TH-61,เศรษฐกิจ,14
2021,TH-34,กฎหมาย,20
2021,TH-34,การร้องเรียนกล่าวโทษเจ้าหน้าที่ของรัฐ,63
2021,TH-34,การเมือง-การปกครอง,11
2021,TH-34,ทรัพยากรธรรมชาติและสิ่งแวดล้อม,4
2021,TH-34,สังคมและสวัสดิการ,183
2021,TH-34,เศรษฐกิจ,43
2021,TH-15,กฎหมาย,4
2021,TH-15,การร้องเรียนกล่าวโทษเจ้าหน้าที่ของรัฐ,28
2021,TH-15,การเมือง-การปกครอง,8
2021,TH-15,ทรัพยากรธรรมชาติและสิ่งแวดล้อม,4
2021,TH-15,สังคมและสวัสดิการ,79
2021,TH-15,เศรษฐกิจ,20
2021,TH-57,กฎหมาย,11
2021,TH-57,การร้องเรียนกล่าวโทษเจ้าหน้าที่ของรัฐ,36
2021,TH-57,การเมือง-การปกครอง,2
2021,TH-57,ทรัพยากรธรรมชาติและสิ่งแวดล้อม,12
2021,TH-57,สังคมและสวัสดิการ,98
2021,TH-57,เศรษฐกิจ,19
2021,TH-50,กฎหมาย,22
2021,TH-50,การร้องเรียนกล่าวโทษเจ้าหน้าที่ของรัฐ,57
2021,TH-50,การเมือง-การปกครอง,25
2021,TH-50,ทรัพยากรธรรมชาติและสิ่งแวดล้อม,10
2021,TH-50,สังคมและสวัสดิการ,267
2021,TH-50,เศรษฐกิจ,58
2021,TH-76,กฎหมาย,7
2021,TH-76,การร้องเรียนกล่าวโทษเจ้าหน้าที่ของรัฐ,34
2021,TH-76,การเมือง-การปกครอง,2
2021,TH-76,ทรัพยากรธรรมชาติและสิ่งแวดล้อม,9
2021,TH-76,สังคมและสวัสดิการ,127
2021,TH-76,เศรษฐกิจ,32
2021,TH-67,กฎหมาย,17
2021,TH-67,การร้องเรียนกล่าวโทษเจ้าหน้าที่ของรัฐ,28
2021,TH-67,การเมือง-การปกครอง,4
2021,TH-67,ทรัพยากรธรรมชาติและสิ่งแวดล้อม,9
2021,TH-67,สังคมและสวัสดิการ,114
2021,TH-67,เศรษฐกิจ,35
2021,TH-42,กฎหมาย,16
2021,TH-42,การร้องเรียนกล่าวโทษเจ้าหน้าที่ของรัฐ,29
2021,TH-42,การเมือง-การปกครอง,5
2021,TH-42,ทรัพยากรธรรมชาติและสิ่งแวดล้อม,3
2021,TH-42,สังคมและสวัสดิการ,58
2021,TH-42,เศรษฐกิจ,15
2021,TH-54,กฎหมาย,5
2021,TH-54,การร้องเรียนกล่าวโทษเจ้าหน้าที่ของรัฐ,13
2021,TH-54,การเมือง-การปกครอง,1
2021,TH-54,ทรัพยากรธรรมชาติและสิ่งแวดล้อม,2
2021,TH-54,สังคมและสวัสดิการ,45
2021,TH-54,เศรษฐกิจ,12
2021,TH-58,กฎหมาย,1
2021,TH-58,การร้องเรียนกล่าวโทษเจ้าหน้าที่ของรัฐ,4
2021,TH-58,การเมือง-การปกครอง,4
2021,TH-58,ทรัพยากรธรรมชาติและสิ่งแวดล้อม,3
2021,TH-58,สังคมและสวัสดิการ,9
2021,TH-58,เศรษฐกิจ,6
2022,TH-81,กฎหมาย,15
2022,TH-81,การร้องเรียนกล่าวโทษเจ้าหน้าที่ของรัฐ,21
2022,TH-81,การเมือง-การปกครอง,3
2022,TH-81,ทรัพยากรธรรมชาติและสิ่งแวดล้อม,4
2022,TH-81,สังคมและสวัสดิการ,86
2022,TH-81,เศรษฐกิจ,23
2022,TH-10,กฎหมาย,346
2022,TH-10,การร้องเรียนกล่าวโทษเจ้าหน้าที่ของรัฐ,926
2022,TH-10,การเมือง-การปกครอง,69
2022,TH-10,ทรัพยากรธรรมชาติและสิ่งแวดล้อม,203
2022,TH-10,พ.ร.บ. อำนวยความสะดวก,1
2022,TH-10,สังคมและสวัสดิการ,4687
2022,TH-10,เศรษฐกิจ,399
2022,TH-71,กฎหมาย,9
2022,TH-71,การร้องเรียนกล่าวโทษเจ้าหน้าที่ของรัฐ,57
2022,TH-71,การเมือง-การปกครอง,5
2022,TH-71,ทรัพยากรธรรมชาติและสิ่งแวดล้อม,9
2022,TH-71,สังคมและสวัสดิการ,139
2022,TH-71,เศรษฐกิจ,30
2022,TH-46,กฎหมาย,10
2022,TH-46,การร้องเรียนกล่าวโทษเจ้าหน้าที่ของรัฐ,38
2022,TH-46,การเมือง-การปกครอง,4
2022,TH-46,ทรัพยากรธรรมชาติและสิ่งแวดล้อม,7
2022,TH-46,สังคมและสวัสดิการ,67
2022,TH-46,เศรษฐกิจ,10
2022,TH-62,กฎหมาย,6
2022,TH-62,การร้องเรียนกล่าวโทษเจ้าหน้าที่ของรัฐ,15
2022,TH-62,การเมือง-การปกครอง,1
2022,TH-62,ทรัพยากรธรรมชาติและสิ่งแวดล้อม,3
2022,TH-62,สังคมและสวัสดิการ,78
2022,TH-62,เศรษฐกิจ,10
2022,TH-40,กฎหมาย,35
2022,TH-40,การร้องเรียนกล่าวโทษเจ้าหน้าที่ของรัฐ,57
2022,TH-40,การเมือง-การปกครอง,4
2022,TH-40,ทรัพยากรธรรมชาติและสิ่งแวดล้อม,7
2022,TH-40,สังคมและสวัสดิการ,173
2022,TH-40,เศรษฐกิจ,25
2022,TH-22,กฎหมาย,18
2022,TH-22,การร้องเรียนกล่าวโทษเจ้าหน้าที่ของรัฐ,25
2022,TH-22,การเมือง-การปกครอง,2
2022,TH-22,ทรัพยากรธรรมชาติและสิ่งแวดล้อม,8
2022,TH-22,สังคมและสวัสดิการ,70
2022,TH-22,เศรษฐกิจ,17
2022,TH-24,กฎหมาย,21
2022,TH-24,การร้องเรียนกล่าวโทษเจ้าหน้าที่ของรัฐ,40
2022,TH-24,การเมือง-การปกครอง,3
2022,TH-24,ทรัพยากรธรรมชาติและสิ่งแวดล้อม,7
2022,TH-24,สังคมและสวัสดิการ,162
2022,TH-24,เศรษฐกิจ,18
2022,TH-20,กฎหมาย,68
2022,TH-20,การร้องเรียนกล่าวโทษเจ้าหน้าที่ของรัฐ,147
2022,TH-20,การเมือง-การปกครอง,9
2022,TH-20,ทรัพยากรธรรมชาติและสิ่งแวดล้อม,13
2022,TH-20,สังคมและสวัสดิการ,523
2022,TH-20,เศรษฐกิจ,65
2022,TH-18,กฎหมาย,7
2022,TH-18,การร้องเรียนกล่าวโทษเจ้าหน้าที่ของรัฐ,12
2022,TH-18,ทรัพยากรธรรมชาติและสิ่งแวดล้อม,4
2022,TH-18,สังคมและสวัสดิการ,36
2022,TH-18,เศรษฐกิจ,6
2022,TH-36,กฎหมาย,8
2022,TH-36,การร้องเรียนกล่าวโทษเจ้าหน้าที่ของรัฐ,29
2022,TH-36,การเมือง-การปกครอง,2
2022,TH-36,ทรัพยากรธรรมชาติและสิ่งแวดล้อม,10
2022,TH-36,สังคมและสวัสดิการ,70
2022,TH-36,เศรษฐกิจ,23
2022,TH-86,กฎหมาย,9
2022,TH-86,การร้องเรียนกล่าวโทษเจ้าหน้าที่ของรัฐ,21
2022,TH-86,การเมือง-การปกครอง,1
2022,TH-86,ทรัพยากรธรรมชาติและสิ่งแวดล้อม,7
2022,TH-86,สังคมและสวัสดิการ,95
2022,TH-86,เศรษฐกิจ,22
2022,TH-92,กฎหมาย,10
2022,TH-92,การร้องเรียนกล่าวโทษเจ้าหน้าที่ของรัฐ,20
2022,TH-92,การเมือง-การปกครอง,3
2022,TH-92,ทรัพยากรธรรมชาติและสิ่งแวดล้อม,5
2022,TH-92,สังคมและสวัสดิการ,78
2022,TH-92,เศรษฐกิจ,22
2022,TH-23,กฎหมาย,1
2022,TH-23,การร้องเรียนกล่าวโทษเจ้าหน้าที่ของรัฐ,9
2022,TH-23,การเมือง-การปกครอง,2
2022,TH-23,ทรัพยากรธรรมชาติและสิ่งแวดล้อม,1
2022,TH-23,สังคมและสวัสดิการ,27
2022,TH-23,เศรษฐกิจ,2
2022,TH-63,กฎหมาย,2
2022,TH-63,การร้องเรียนกล่าวโทษเจ้าหน้าที่ของรัฐ,11
2022,TH-63,การเมือง-การปกครอง,2
2022,TH-63,ทรัพยากรธรรมชาติและสิ่งแวดล้อม,1
2022,TH-63,สังคมและสวัสดิการ,28
2022,TH-63,เศรษฐกิจ,7
2022,TH-26,กฎหมาย,1
2022,TH-26,การร้องเรียนกล่าวโทษเจ้าหน้าที่ของรัฐ,22
2022,TH-26,การเมือง-การปกครอง,1
2022,TH-26,ทรัพยากรธรรมชาติและสิ่งแวดล้อม,2
2022,TH-26,สังคมและสวัสดิการ,56
2022,TH-26,เศรษฐกิจ,6
2022,TH-73,กฎหมาย,19
2022,TH-73,การร้องเรียนกล่าวโทษเจ้าหน้าที่ของรัฐ,78
2022,TH-73,การเมือง-การปกครอง,4
2022,TH-73,ทรัพยากรธรรมชาติและสิ่งแวดล้อม,26
2022,TH-73,พ.ร.บ. อำนวยความสะดวก,2
2022,TH-73,สังคมและสวัสดิการ,350
2022,TH-73,เศรษฐกิจ,32
2022,TH-48,กฎหมาย,2
2022,TH-48,การร้องเรียนกล่าวโทษเจ้าหน้าที่ของรัฐ,14
2022,TH-48,สังคมและสวัสดิการ,34
2022,TH-48,เศรษฐกิจ,3
2022,TH-30,กฎหมาย,38
2022,TH-30,การร้องเรียนกล่าวโทษเจ้าหน้าที่ของรัฐ,86
2022,TH-30,การเมือง-การปกครอง,9
2022,TH-30,ทรัพยากรธรรมชาติและสิ่งแวดล้อม,24
2022,TH-30,สังคมและสวัสดิการ,276
2022,TH-30,เศรษฐกิจ,38
2022,TH-80,กฎหมาย,25
2022,TH-80,การร้องเรียนกล่าวโทษเจ้าหน้าที่ของรัฐ,69
2022,TH-80,การเมือง-การปกครอง,6
2022,TH-80,ทรัพยากรธรรมชาติและสิ่งแวดล้อม,11
2022,TH-80,สังคมและสวัสดิการ,207
2022,TH-80,เศรษฐกิจ,52
2022,TH-60,กฎหมาย,16
2022,TH-60,การร้องเรียนกล่าวโทษเจ้าหน้าที่ของรัฐ,64
2022,TH-60,การเมือง-การปกครอง,5
2022,TH-60,ทรัพยากรธรรมชาติและสิ่งแวดล้อม,11
2022,TH-60,สังคมและสวัสดิการ,136
2022,TH-60,เศรษฐกิจ,25
2022,TH-12,กฎหมาย,54
2022,TH-12,การร้องเรียนกล่าวโทษเจ้าหน้าที่ของรัฐ,185
2022,TH-12,การเมือง-การปกครอง,12
2022,TH-12,ทรัพยากรธรรมชาติและสิ่งแวดล้อม,53
2022,TH-12,สังคมและสวัสดิการ,744
2022,TH-12,เศรษฐกิจ,90
2022,TH-96,กฎหมาย,4
2022,TH-96,การร้องเรียนกล่าวโทษเจ้าหน้าที่ของรัฐ,14
2022,TH-96,การเมือง-การปกครอง,5
2022,TH-96,ทรัพยากรธรรมชาติและสิ่งแวดล้อม,4
2022,TH-96,สังคมและสวัสดิการ,59
2022,TH-96,เศรษฐกิจ,6
2022,TH-55,กฎหมาย,5
2022,TH-55,การร้องเรียนกล่าวโทษเจ้าหน้าที่ของรัฐ,21
2022,TH-55,การเมือง-การปกครอง,1
2022,TH-55,ทรัพยากรธรรมชาติและสิ่งแวดล้อม,5
2022,TH-55,สังคมและสวัสดิการ,16
2022,TH-55,เศรษฐกิจ,8
2022,TH-38,กฎหมาย,1
2022,TH-38,การร้องเรียนกล่าวโทษเจ้าหน้าที่ของรัฐ,12
2022,TH-38,การเมือง-การปกครอง,1
2022,TH-38,สังคมและสวัสดิการ,18
2022,TH-38,เศรษฐกิจ,1
2022,TH-31,กฎหมาย,13
2022,TH-31,การร้องเรียนกล่าวโทษเจ้าหน้าที่ของรัฐ,37
2022,TH-31,การเมือง-การปกครอง,1
2022,TH-31,ทรัพยากรธรรมชาติและสิ่งแวดล้อม,14
2022,TH-31,สังคมและสวัสดิการ,147
2022,TH-31,เศรษฐกิจ,14
2022,TH-13,กฎหมาย,52
2022,TH-13,การร้องเรียนกล่าวโทษเจ้าหน้าที่ของรัฐ,116
2022,TH-13,การเมือง-การปกครอง,8
2022,TH-13,ทรัพยากรธรรมชาติและสิ่งแวดล้อม,25
2022,TH-13,สังคมและสวัสดิการ,615
2022,TH-13,เศรษฐกิจ,82
2022,TH-77,กฎหมาย,5
2022,TH-77,การร้องเรียนกล่าวโทษเจ้าหน้าที่ของรัฐ,32
2022,TH-77,การเมือง-การปกครอง,2
2022,TH-77,ทรัพยากรธรรมชาติและสิ่งแวดล้อม,10
2022,TH-77,สังคมและสวัสดิการ,114
2022,TH-77,เศรษฐกิจ,17
2022,TH-25,กฎหมาย,12
2022,TH-25,การร้องเรียนกล่าวโทษเจ้าหน้าที่ของรัฐ,21
2022,TH-25,การเมือง-การปกครอง,1
2022,TH-25,ทรัพยากรธรรมชาติและสิ่งแวดล้อม,4
2022,TH-25,สังคมและสวัสดิการ,90
2022,TH-25,เศรษฐกิจ,15
2022,TH-94,กฎหมาย,4
2022,TH-94,การร้องเรียนกล่าวโทษเจ้าหน้าที่ของรัฐ,9
2022,TH-94,การเมือง-การปกครอง,1
2022,TH-94,สังคมและสวัสดิการ,34
2022,TH-94,เศรษฐกิจ,9
2022,TH-14,กฎหมาย,30
2022,TH-14,การร้องเรียนกล่าวโทษเจ้าหน้าที่ของรัฐ,83
2022,TH-14,การเมือง-การปกครอง,2
2022,TH-14,ทรัพยากรธรรมชาติและสิ่งแวดล้อม,40
2022,TH-14,สังคมและสวัสดิการ,279
2022,TH-14,เศรษฐกิจ,28
2022,TH-56,กฎหมาย,2
2022,TH-56,การร้องเรียนกล่าวโทษเจ้าหน้าที่ของรัฐ,20
2022,TH-56,การเมือง-การปกครอง,1
2022,TH-56,ทรัพยากรธรรมชาติและสิ่งแวดล้อม,1
2022,TH-56,สังคมและสวัสดิการ,43
2022,TH-56,เศรษฐกิจ,6
2022,TH-82,กฎหมาย,8
2022,TH-82,การร้องเรียนกล่าวโทษเจ้าหน้าที่ของรัฐ,10
2022,TH-82,ทรัพยากรธรรมชาติและสิ่งแวดล้อม,2
2022,TH-82,สังคมและสวัสดิการ,58
2022,TH-82,เศรษฐกิจ,8
2022,TH-93,กฎหมาย,19
2022,TH-93,การร้องเรียนกล่าวโทษเจ้าหน้าที่ของรัฐ,14
2022,TH-93,ทรัพยากรธรรมชาติและสิ่งแวดล้อม,4
2022,TH-93,สังคมและสวัสดิการ,67
2022,TH-93,เศรษฐกิจ,46
2022,TH-66,กฎหมาย,9
2022,TH-66,การร้องเรียนกล่าวโทษเจ้าหน้าที่ของรัฐ,34
2022,TH-66,ทรัพยากรธรรมชาติและสิ่งแวดล้อม,4
2022,TH-66,สังคมและสวัสดิการ,55
2022,TH-66,เศรษฐกิจ,13
2022,TH-65,กฎหมาย,9
2022,TH-65,การร้องเรียนกล่าวโทษเจ้าหน้าที่ของรัฐ,35
2022,TH-65,การเมือง-การปกครอง,1
2022,TH-65,ทรัพยากรธรรมชาติและสิ่งแวดล้อม,4
2022,TH-65,สังคมและสวัสดิการ,83
2022,TH-65,เศรษฐกิจ,12
2022,TH-83,กฎหมาย,20
2022,TH-83,การร้องเรียนกล่าวโทษเจ้าหน้าที่ของรัฐ,35
2022,TH-83,การเมือง-การปกครอง,4
2022,TH-83,ทรัพยากรธรรมชาติและสิ่งแวดล้อม,5
2022,TH-83,สังคมและสวัสดิการ,100
2022,TH-83,เศรษฐกิจ,26
2022,TH-44,กฎหมาย,9
2022,TH-44,การร้องเรียนกล่าวโทษเจ้าหน้าที่ของรัฐ,24
2022,TH-44,การเมือง-การปกครอง,2
2022,TH-44,ทรัพยากรธรรมชาติและสิ่งแวดล้อม,11
2022,TH-44,สังคมและสวัสดิการ,95
2022,TH-44,เศรษฐกิจ,11
2022,TH-49,กฎหมาย,3
2022,TH-49,การร้องเรียนกล่าวโทษเจ้าหน้าที่ของรัฐ,11
2022,TH-49,การเมือง-การปกครอง,3
2022,TH-49,ทรัพยากรธรรมชาติและสิ่งแวดล้อม,3
2022,TH-49,สังคมและสวัสดิการ,25
2022,TH-49,เศรษฐกิจ,11
2022,TH-95,กฎหมาย,3
2022,TH-95,การร้องเรียนกล่าวโทษเจ้าหน้าที่ของรัฐ,13
2022,TH-95,การเมือง-การปกครอง,2
2022,TH-95,ทรัพยากรธรรมชาติและสิ่งแวดล้อม,1
2022,TH-95,สังคมและสวัสดิการ,35
2022,TH-95,เศรษฐกิจ,5
2022,TH-35,กฎหมาย,3
2022,TH-35,การร้องเรียนกล่าวโทษเจ้าหน้าที่ของรัฐ,20
2022,TH-35,การเมือง-การปกครอง,4
2022,TH-35,ทรัพยากรธรรมชาติและสิ่งแวดล้อม,2
2022,TH-35,สังคมและสวัสดิการ,29
2022,TH-35,เศรษฐกิจ,6
2022,TH-85,กฎหมาย,3
2022,TH-85,การร้องเรียนกล่าวโทษเจ้าหน้าที่ของรัฐ,8
2022,TH-85,การเมือง-การปกครอง,1
2022,TH-85,สังคมและสวัสดิการ,25
2022,TH-85,เศรษฐกิจ,9
2022,TH-21,กฎหมาย,22
2022,TH-21,การร้องเรียนกล่าวโทษเจ้าหน้าที่ของรัฐ,51
2022,TH-21,การเมือง-การปกครอง,1
2022,TH-21,ทรัพยากรธรรมชาติและสิ่งแวดล้อม,12
2022,TH-21,สังคมและสวัสดิการ,167
2022,TH-21,เศรษฐกิจ,35
2022,TH-70,กฎหมาย,24
2022,TH-70,การร้องเรียนกล่าวโทษเจ้าหน้าที่ของรัฐ,50
2022,TH-70,การเมือง-การปกครอง,5
2022,TH-70,ทรัพยากรธรรมชาติและสิ่งแวดล้อม,11
2022,TH-70,สังคมและสวัสดิการ,136
2022,TH-70,เศรษฐกิจ,21
2022,TH-45,กฎหมาย,4
2022,TH-45,การร้องเรียนกล่าวโทษเจ้าหน้าที่ของรัฐ,28
2022,TH-45,การเมือง-การปกครอง,4
2022,TH-45,ทรัพยากรธรรมชาติและสิ่งแวดล้อม,7
2022,TH-45,สังคมและสวัสดิการ,92
2022,TH-45,เศรษฐกิจ,18
2022,TH-16,กฎหมาย,14
2022,TH-16,การร้องเรียนกล่าวโทษเจ้าหน้าที่ของรัฐ,33
2022,TH-16,การเมือง-การปกครอง,5
2022,TH-16,ทรัพยากรธรรมชาติและสิ่งแวดล้อม,6
2022,TH-16,สังคมและสวัสดิการ,109
2022,TH-16,เศรษฐกิจ,20
2022,TH-52,กฎหมาย,35
2022,TH-52,การร้องเรียนกล่าวโทษเจ้าหน้าที่ของรัฐ,25
2022,TH-52,การเมือง-การปกครอง,1
2022,TH-52,ทรัพยากรธรรมชาติและสิ่งแวดล้อม,7
2022,TH-52,สังคมและสวัสดิการ,47
2022,TH-52,เศรษฐกิจ,9
2022,TH-51,กฎหมาย,8
2022,TH-51,การร้องเรียนกล่าวโทษเจ้าหน้าที่ของรัฐ,17
2022,TH-51,ทรัพยากรธรรมชาติและสิ่งแวดล้อม,1
2022,TH-51,สังคมและสวัสดิการ,31
2022,TH-51,เศรษฐกิจ,7
2022,TH-33,กฎหมาย,4
2022,TH-33,การร้องเรียนกล่าวโทษเจ้าหน้าที่ของรัฐ,36
2022,TH-33,การเมือง-การปกครอง,5
2022,TH-33,ทรัพยากรธรรมชาติและสิ่งแวดล้อม,7
2022,TH-33,สังคมและสวัสดิการ,108
2022,TH-33,เศรษฐกิจ,31
2022,TH-47,กฎหมาย,10
2022,TH-47,การร้องเรียนกล่าวโทษเจ้าหน้าที่ของรัฐ,33
2022,TH-47,การเมือง-การปกครอง,1
2022,TH-47,ทรัพยากรธรรมชาติและสิ่งแวดล้อม,3
2022,TH-47,สังคมและสวัสดิการ,72
2022,TH-47,เศรษฐกิจ,13
2022,TH-90,กฎหมาย,31
2022,TH-90,การร้องเรียนกล่าวโทษเจ้าหน้าที่ของรัฐ,90
2022,TH-90,การเมือง-การปกครอง,7
2022,TH-90,ทรัพยากรธรรมชาติและสิ่งแวดล้อม,16
2022,TH-90,สังคมและสวัสดิการ,248
2022,TH-90,เศรษฐกิจ,77
2022,TH-91,กฎหมาย,4
2022,TH-91,การร้องเรียนกล่าวโทษเจ้าหน้าที่ของรัฐ,18
2022,TH-91,การเมือง-การปกครอง,1
2022,TH-91,สังคมและสวัสดิการ,37
2022,TH-91,เศรษฐกิจ,4
2022,TH-11,กฎหมาย,53
2022,TH-11,การร้องเรียนกล่าวโทษเจ้าหน้าที่ของรัฐ,109
2022,TH-11,การเมือง-การปกครอง,6
2022,TH-11,ทรัพยากรธรรมชาติและสิ่งแวดล้อม,44
2022,TH-11,สังคมและสวัสดิการ,666
2022,TH-11,เศรษฐกิจ,71
2022,TH-75,กฎหมาย,3
2022,TH-75,การร้องเรียนกล่าวโทษเจ้าหน้าที่ของรัฐ,11
2022,TH-75,การเมือง-การปกครอง,3
2022,TH-75,ทรัพยากรธรรมชาติและสิ่งแวดล้อม,4
2022,TH-75,สังคมและสวัสดิการ,44
2022,TH-75,เศรษฐกิจ,6
2022,TH-74,กฎหมาย,17
2022,TH-74,การร้องเรียนกล่าวโทษเจ้าหน้าที่ของรัฐ,44
2022,TH-74,การเมือง-การปกครอง,4
2022,TH-74,ทรัพยากรธรรมชาติและสิ่งแวดล้อม,21
2022,TH-74,สังคมและสวัสดิการ,231
2022,TH-74,เศรษฐกิจ,21
2022,TH-19,กฎหมาย,13
2022,TH-19,การร้องเรียนกล่าวโทษเจ้าหน้าที่ของรัฐ,43
2022,TH-19,การเมือง-การปกครอง,2
2022,TH-19,ทรัพยากรธรรมชาติและสิ่งแวดล้อม,5
2022,TH-19,สังคมและสวัสดิการ,160
2022,TH-19,เศรษฐกิจ,13
2022,TH-27,กฎหมาย,4
2022,TH-27,การร้องเรียนกล่าวโทษเจ้าหน้าที่ของรัฐ,25
2022,TH-27,การเมือง-การปกครอง,3
2022,TH-27,ทรัพยากรธรรมชาติและสิ่งแวดล้อม,2
2022,TH-27,สังคมและสวัสดิการ,47
2022,TH-27,เศรษฐกิจ,10
2022,TH-17,กฎหมาย,5
2022,TH-17,การร้องเรียนกล่าวโทษเจ้าหน้าที่ของรัฐ,18
2022,TH-17,การเมือง-การปกครอง,1
2022,TH-17,ทรัพยากรธรรมชาติและสิ่งแวดล้อม,5
2022,TH-17,สังคมและสวัสดิการ,30
2022,TH-17,เศรษฐกิจ,2
2022,TH-72,กฎหมาย,15
2022,TH-72,การร้องเรียนกล่าวโทษเจ้าหน้าที่ของรัฐ,28
2022,TH-72,การเมือง-การปกครอง,3
2022,TH-72,ทรัพยากรธรรมชาติและสิ่งแวดล้อม,11
2022,TH-72,สังคมและสวัสดิการ,131
2022,TH-72,เศรษฐกิจ,21
2022,TH-84,กฎหมาย,21
2022,TH-84,การร้องเรียนกล่าวโทษเจ้าหน้าที่ของรัฐ,63
2022,TH-84,การเมือง-การปกครอง,5
2022,TH-84,ทรัพยากรธรรมชาติและสิ่งแวดล้อม,13
2022,TH-84,สังคมและสวัสดิการ,204
2022,TH-84,เศรษฐกิจ,49
2022,TH-32,กฎหมาย,9
2022,TH-32,การร้องเรียนกล่าวโทษเจ้าหน้าที่ของรัฐ,28
2022,TH-32,การเมือง-การปกครอง,4
2022,TH-32,ทรัพยากรธรรมชาติและสิ่งแวดล้อม,9
2022,TH-32,สังคมและสวัสดิการ,114
2022,TH-32,เศรษฐกิจ,17
2022,TH-64,กฎหมาย,2
2022,TH-64,การร้องเรียนกล่าวโทษเจ้าหน้าที่ของรัฐ,23
2022,TH-64,การเมือง-การปกครอง,1
2022,TH-64,สังคมและสวัสดิการ,54
2022,TH-64,เศรษฐกิจ,9
2022,TH-43,กฎหมาย,7
2022,TH-43,การร้องเรียนกล่าวโทษเจ้าหน้าที่ของรัฐ,19
2022,TH-43,การเมือง-การปกครอง,3
2022,TH-43,สังคมและสวัสดิการ,31
2022,TH-43,เศรษฐกิจ,7
2022,TH-39,กฎหมาย,3
2022,TH-39,การร้องเรียนกล่าวโทษเจ้าหน้าที่ของรัฐ,11
2022,TH-39,การเมือง-การปกครอง,1
2022,TH-39,ทรัพยากรธรรมชาติและสิ่งแวดล้อม,3
2022,TH-39,สังคมและสวัสดิการ,29
2022,TH-39,เศรษฐกิจ,6
2022,TH-37,กฎหมาย,3
2022,TH-37,การร้องเรียนกล่าวโทษเจ้าหน้าที่ของรัฐ,10
2022,TH-37,การเมือง-การปกครอง,3
2022,TH-37,ทรัพยากรธรรมชาติและสิ่งแวดล้อม,5
2022,TH-37,สังคมและสวัสดิการ,26
2022,TH-37,เศรษฐกิจ,12
2022,TH-41,กฎหมาย,15
2022,TH-41,การร้องเรียนกล่าวโทษเจ้าหน้าที่ของรัฐ,35
2022,TH-41,การเมือง-การปกครอง,2
2022,TH-41,ทรัพยากรธรรมชาติและสิ่งแวดล้อม,6
2022,TH-41,สังคมและสวัสดิการ,138
2022,TH-41,เศรษฐกิจ,36
2022,TH-53,กฎหมาย,5
2022,TH-53,การร้องเรียนกล่าวโทษเจ้าหน้าที่ของรัฐ,12
2022,TH-53,การเมือง-การปกครอง,1
2022,TH-53,ทรัพยากรธรรมชาติและสิ่งแวดล้อม,5
2022,TH-53,สังคมและสวัสดิการ,59
2022,TH-53,เศรษฐกิจ,3
2022,TH-61,กฎหมาย,5
2022,TH-61,การร้องเรียนกล่าวโทษเจ้าหน้าที่ของรัฐ,15
2022,TH-61,การเมือง-การปกครอง,3
2022,TH-61,ทรัพยากรธรรมชาติและสิ่งแวดล้อม,9
2022,TH-61,สังคมและสวัสดิการ,48
2022,TH-61,เศรษฐกิจ,9
2022,TH-34,กฎหมาย,9
2022,TH-34,การร้องเรียนกล่าวโทษเจ้าหน้าที่ของรัฐ,43
2022,TH-34,การเมือง-การปกครอง,3
2022,TH-34,ทรัพยากรธรรมชาติและสิ่งแวดล้อม,8
2022,TH-34,สังคมและสวัสดิการ,143
2022,TH-34,เศรษฐกิจ,36
2022,TH-15,กฎหมาย,8
2022,TH-15,การร้องเรียนกล่าวโทษเจ้าหน้าที่ของรัฐ,22
2022,TH-15,การเมือง-การปกครอง,2
2022,TH-15,ทรัพยากรธรรมชาติและสิ่งแวดล้อม,8
2022,TH-15,สังคมและสวัสดิการ,65
2022,TH-15,เศรษฐกิจ,10
2022,TH-57,กฎหมาย,20
2022,TH-57,การร้องเรียนกล่าวโทษเจ้าหน้าที่ของรัฐ,30
2022,TH-57,การเมือง-การปกครอง,2
2022,TH-57,ทรัพยากรธรรมชาติและสิ่งแวดล้อม,3
2022,TH-57,พ.ร.บ. อำนวยความสะดวก,1
2022,TH-57,สังคมและสวัสดิการ,79
2022,TH-57,เศรษฐกิจ,21
2022,TH-50,กฎหมาย,25
2022,TH-50,การร้องเรียนกล่าวโทษเจ้าหน้าที่ของรัฐ,51
2022,TH-50,การเมือง-การปกครอง,7
2022,TH-50,ทรัพยากรธรรมชาติและสิ่งแวดล้อม,7
2022,TH-50,สังคมและสวัสดิการ,201
2022,TH-50,เศรษฐกิจ,35
2022,TH-76,กฎหมาย,12
2022,TH-76,การร้องเรียนกล่าวโทษเจ้าหน้าที่ของรัฐ,30
2022,TH-76,การเมือง-การปกครอง,1
2022,TH-76,ทรัพยากรธรรมชาติและสิ่งแวดล้อม,4
2022,TH-76,สังคมและสวัสดิการ,98
2022,TH-76,เศรษฐกิจ,15
2022,TH-67,กฎหมาย,6
2022,TH-67,การร้องเรียนกล่าวโทษเจ้าหน้าที่ของรัฐ,23
2022,TH-67,การเมือง-การปกครอง,5
2022,TH-67,ทรัพยากรธรรมชาติและสิ่งแวดล้อม,5
2022,TH-67,สังคมและสวัสดิการ,69
2022,TH-67,เศรษฐกิจ,11
2022,TH-42,กฎหมาย,8
2022,TH-42,การร้องเรียนกล่าวโทษเจ้าหน้าที่ของรัฐ,34
2022,TH-42,การเมือง-การปกครอง,2
2022,TH-42,ทรัพยากรธรรมชาติและสิ่งแวดล้อม,7
2022,TH-42,สังคมและสวัสดิการ,57
2022,TH-42,เศรษฐกิจ,6
2022,TH-54,กฎหมาย,2
2022,TH-54,การร้องเรียนกล่าวโทษเจ้าหน้าที่ของรัฐ,6
2022,TH-54,การเมือง-การปกครอง,1
2022,TH-54,ทรัพยากรธรรมชาติและสิ่งแวดล้อม,3
2022,TH-54,สังคมและสวัสดิการ,31
2022,TH-54,เศรษฐกิจ,6
2022,TH-58,กฎหมาย,2
2022,TH-58,การร้องเรียนกล่าวโทษเจ้าหน้าที่ของรัฐ,5
2022,TH-58,ทรัพยากรธรรมชาติและสิ่งแวดล้อม,3
2022,TH-58,พ.ร.บ. อำนวยความสะดวก,1
2022,TH-58,สังคมและสวัสดิการ,11
2023,TH-81,กฎหมาย,13
2023,TH-81,การร้องเรียนกล่าวโทษเจ้าหน้าที่ของรัฐ,41
2023,TH-81,การเมือง-การปกครอง,1
2023,TH-81,ทรัพยากรธรรมชาติและสิ่งแวดล้อม,9
2023,TH-81,สังคมและสวัสดิการ,109
2023,TH-81,เศรษฐกิจ,15
2023,TH-10,กฎหมาย,451
2023,TH-10,การร้องเรียนกล่าวโทษเจ้าหน้าที่ของรัฐ,928
2023,TH-10,การเมือง-การปกครอง,76
2023,TH-10,ทรัพยากรธรรมชาติและสิ่งแวดล้อม,145
2023,TH-10,สังคมและสวัสดิการ,4596
2023,TH-10,เศรษฐกิจ,409
2023,TH-71,กฎหมาย,42
2023,TH-71,การร้องเรียนกล่าวโทษเจ้าหน้าที่ของรัฐ,72
2023,TH-71,การเมือง-การปกครอง,4
2023,TH-71,ทรัพยากรธรรมชาติและสิ่งแวดล้อม,5
2023,TH-71,สังคมและสวัสดิการ,158
2023,TH-71,เศรษฐกิจ,16
2023,TH-46,กฎหมาย,8
2023,TH-46,การร้องเรียนกล่าวโทษเจ้าหน้าที่ของรัฐ,36
2023,TH-46,การเมือง-การปกครอง,3
2023,TH-46,ทรัพยากรธรรมชาติและสิ่งแวดล้อม,10
2023,TH-46,สังคมและสวัสดิการ,103
2023,TH-46,เศรษฐกิจ,11
2023,TH-62,กฎหมาย,8
2023,TH-62,การร้องเรียนกล่าวโทษเจ้าหน้าที่ของรัฐ,22
2023,TH-62,การเมือง-การปกครอง,6
2023,TH-62,ทรัพยากรธรรมชาติและสิ่งแวดล้อม,6
2023,TH-62,สังคมและสวัสดิการ,76
2023,TH-62,เศรษฐกิจ,5
2023,TH-40,กฎหมาย,29
2023,TH-40,การร้องเรียนกล่าวโทษเจ้าหน้าที่ของรัฐ,71
2023,TH-40,การเมือง-การปกครอง,8
2023,TH-40,ทรัพยากรธรรมชาติและสิ่งแวดล้อม,9
2023,TH-40,สังคมและสวัสดิการ,230
2023,TH-40,เศรษฐกิจ,25
2023,TH-22,กฎหมาย,16
2023,TH-22,การร้องเรียนกล่าวโทษเจ้าหน้าที่ของรัฐ,28
2023,TH-22,ทรัพยากรธรรมชาติและสิ่งแวดล้อม,5
2023,TH-22,สังคมและสวัสดิการ,65
2023,TH-22,เศรษฐกิจ,7
2023,TH-24,กฎหมาย,19
2023,TH-24,การร้องเรียนกล่าวโทษเจ้าหน้าที่ของรัฐ,30
2023,TH-24,การเมือง-การปกครอง,1
2023,TH-24,ทรัพยากรธรรมชาติและสิ่งแวดล้อม,8
2023,TH-24,สังคมและสวัสดิการ,157
2023,TH-24,เศรษฐกิจ,26
2023,TH-20,กฎหมาย,80
2023,TH-20,การร้องเรียนกล่าวโทษเจ้าหน้าที่ของรัฐ,132
2023,TH-20,การเมือง-การปกครอง,13
2023,TH-20,ทรัพยากรธรรมชาติและสิ่งแวดล้อม,13
2023,TH-20,สังคมและสวัสดิการ,496
2023,TH-20,เศรษฐกิจ,55
2023,TH-18,กฎหมาย,4
2023,TH-18,การร้องเรียนกล่าวโทษเจ้าหน้าที่ของรัฐ,17
2023,TH-18,การเมือง-การปกครอง,1
2023,TH-18,ทรัพยากรธรรมชาติและสิ่งแวดล้อม,11
2023,TH-18,สังคมและสวัสดิการ,47
2023,TH-18,เศรษฐกิจ,12
2023,TH-36,กฎหมาย,4
2023,TH-36,การร้องเรียนกล่าวโทษเจ้าหน้าที่ของรัฐ,24
2023,TH-36,การเมือง-การปกครอง,1
2023,TH-36,ทรัพยากรธรรมชาติและสิ่งแวดล้อม,5
2023,TH-36,สังคมและสวัสดิการ,54
2023,TH-36,เศรษฐกิจ,14
2023,TH-86,กฎหมาย,11
2023,TH-86,การร้องเรียนกล่าวโทษเจ้าหน้าที่ของรัฐ,30
2023,TH-86,การเมือง-การปกครอง,2
2023,TH-86,ทรัพยากรธรรมชาติและสิ่งแวดล้อม,16
2023,TH-86,สังคมและสวัสดิการ,88
2023,TH-86,เศรษฐกิจ,11
2023,TH-92,กฎหมาย,9
2023,TH-92,การร้องเรียนกล่าวโทษเจ้าหน้าที่ของรัฐ,31
2023,TH-92,การเมือง-การปกครอง,2
2023,TH-92,ทรัพยากรธรรมชาติและสิ่งแวดล้อม,6
2023,TH-92,สังคมและสวัสดิการ,96
2023,TH-92,เศรษฐกิจ,10
2023,TH-23,กฎหมาย,5
2023,TH-23,การร้องเรียนกล่าวโทษเจ้าหน้าที่ของรัฐ,8
2023,TH-23,การเมือง-การปกครอง,2
2023,TH-23,ทรัพยากรธรรมชาติและสิ่งแวดล้อม,2
2023,TH-23,สังคมและสวัสดิการ,37
2023,TH-23,เศรษฐกิจ,6
2023,TH-63,กฎหมาย,11
2023,TH-63,การร้องเรียนกล่าวโทษเจ้าหน้าที่ของรัฐ,24
2023,TH-63,การเมือง-การปกครอง,3
2023,TH-63,ทรัพยากรธรรมชาติและสิ่งแวดล้อม,4
2023,TH-63,สังคมและสวัสดิการ,61
2023,TH-63,เศรษฐกิจ,4
2023,TH-26,กฎหมาย,5
2023,TH-26,การร้องเรียนกล่าวโทษเจ้าหน้าที่ของรัฐ,31
2023,TH-26,การเมือง-การปกครอง,3
2023,TH-26,ทรัพยากรธรรมชาติและสิ่งแวดล้อม,6
2023,TH-26,สังคมและสวัสดิการ,76
2023,TH-26,เศรษฐกิจ,6
2023,TH-73,กฎหมาย,33
2023,TH-73,การร้องเรียนกล่าวโทษเจ้าหน้าที่ของรัฐ,84
2023,TH-73,การเมือง-การปกครอง,7
2023,TH-73,ทรัพยากรธรรมชาติและสิ่งแวดล้อม,16
2023,TH-73,สังคมและสวัสดิการ,334
2023,TH-73,เศรษฐกิจ,32
2023,TH-48,กฎหมาย,7
2023,TH-48,การร้องเรียนกล่าวโทษเจ้าหน้าที่ของรัฐ,16
2023,TH-48,สังคมและสวัสดิการ,26
2023,TH-48,เศรษฐกิจ,3
2023,TH-30,กฎหมาย,34
2023,TH-30,การร้องเรียนกล่าวโทษเจ้าหน้าที่ของรัฐ,94
2023,TH-30,การเมือง-การปกครอง,10
2023,TH-30,ทรัพยากรธรรมชาติและสิ่งแวดล้อม,24
2023,TH-30,สังคมและสวัสดิการ,282
2023,TH-30,เศรษฐกิจ,30
2023,TH-80,กฎหมาย,24
2023,TH-80,การร้องเรียนกล่าวโทษเจ้าหน้าที่ของรัฐ,79
2023,TH-80,การเมือง-การปกครอง,8
2023,TH-80,ทรัพยากรธรรมชาติและสิ่งแวดล้อม,20
2023,TH-80,สังคมและสวัสดิการ,262
2023,TH-80,เศรษฐกิจ,30
2023,TH-60,กฎหมาย,18
2023,TH-60,การร้องเรียนกล่าวโทษเจ้าหน้าที่ของรัฐ,54
2023,TH-60,การเมือง-การปกครอง,6
2023,TH-60,ทรัพยากรธรรมชาติและสิ่งแวดล้อม,23
2023,TH-60,สังคมและสวัสดิการ,178
2023,TH-60,เศรษฐกิจ,13
2023,TH-12,กฎหมาย,72
2023,TH-12,การร้องเรียนกล่าวโทษเจ้าหน้าที่ของรัฐ,189
2023,TH-12,การเมือง-การปกครอง,6
2023,TH-12,ทรัพยากรธรรมชาติและสิ่งแวดล้อม,51
2023,TH-12,สังคมและสวัสดิการ,803
2023,TH-12,เศรษฐกิจ,80
2023,TH-96,กฎหมาย,3
2023,TH-96,การร้องเรียนกล่าวโทษเจ้าหน้าที่ของรัฐ,20
2023,TH-96,การเมือง-การปกครอง,3
2023,TH-96,ทรัพยากรธรรมชาติและสิ่งแวดล้อม,13
2023,TH-96,สังคมและสวัสดิการ,132
2023,TH-96,เศรษฐกิจ,10
2023,TH-55,กฎหมาย,4
2023,TH-55,การร้องเรียนกล่าวโทษเจ้าหน้าที่ของรัฐ,11
2023,TH-55,การเมือง-การปกครอง,2
2023,TH-55,ทรัพยากรธรรมชาติและสิ่งแวดล้อม,8
2023,TH-55,สังคมและสวัสดิการ,31
2023,TH-55,เศรษฐกิจ,4
2023,TH-38,กฎหมาย,2
2023,TH-38,การร้องเรียนกล่าวโทษเจ้าหน้าที่ของรัฐ,8
2023,TH-38,ทรัพยากรธรรมชาติและสิ่งแวดล้อม,2
2023,TH-38,สังคมและสวัสดิการ,23
2023,TH-38,เศรษฐกิจ,4
2023,TH-31,กฎหมาย,17
2023,TH-31,การร้องเรียนกล่าวโทษเจ้าหน้าที่ของรัฐ,41
2023,TH-31,การเมือง-การปกครอง,7
2023,TH-31,ทรัพยากรธรรมชาติและสิ่งแวดล้อม,11
2023,TH-31,สังคมและสวัสดิการ,128
2023,TH-31,เศรษฐกิจ,13
2023,TH-13,กฎหมาย,72
2023,TH-13,การร้องเรียนกล่าวโทษเจ้าหน้าที่ของรัฐ,161
2023,TH-13,การเมือง-การปกครอง,10
2023,TH-13,ทรัพยากรธรรมชาติและสิ่งแวดล้อม,26
2023,TH-13,สังคมและสวัสดิการ,660
2023,TH-13,เศรษฐกิจ,54
2023,TH-77,กฎหมาย,27
2023,TH-77,การร้องเรียนกล่าวโทษเจ้าหน้าที่ของรัฐ,52
2023,TH-77,การเมือง-การปกครอง,1
2023,TH-77,ทรัพยากรธรรมชาติและสิ่งแวดล้อม,4
2023,TH-77,สังคมและสวัสดิการ,140
2023,TH-77,เศรษฐกิจ,5
2023,TH-25,กฎหมาย,8
2023,TH-25,การร้องเรียนกล่าวโทษเจ้าหน้าที่ของรัฐ,21
2023,TH-25,การเมือง-การปกครอง,2
2023,TH-25,ทรัพยากรธรรมชาติและสิ่งแวดล้อม,5
2023,TH-25,สังคมและสวัสดิการ,99
2023,TH-25,เศรษฐกิจ,8
2023,TH-94,กฎหมาย,4
2023,TH-94,การร้องเรียนกล่าวโทษเจ้าหน้าที่ของรัฐ,19
2023,TH-94,การเมือง-การปกครอง,4
2023,TH-94,ทรัพยากรธรรมชาติและสิ่งแวดล้อม,5
2023,TH-94,สังคมและสวัสดิการ,51
2023,TH-94,เศรษฐกิจ,5
2023,TH-14,กฎหมาย,24
2023,TH-14,การร้องเรียนกล่าวโทษเจ้าหน้าที่ของรัฐ,73
2023,TH-14,การเมือง-การปกครอง,6
2023,TH-14,ทรัพยากรธรรมชาติและสิ่งแวดล้อม,23
2023,TH-14,สังคมและสวัสดิการ,257
2023,TH-14,เศรษฐกิจ,19
2023,TH-56,กฎหมาย,2
2023,TH-56,การร้องเรียนกล่าวโทษเจ้าหน้าที่ของรัฐ,12
2023,TH-56,ทรัพยากรธรรมชาติและสิ่งแวดล้อม,2
2023,TH-56,สังคมและสวัสดิการ,45
2023,TH-56,เศรษฐกิจ,5
2023,TH-82,กฎหมาย,4
2023,TH-82,การร้องเรียนกล่าวโทษเจ้าหน้าที่ของรัฐ,21
2023,TH-82,การเมือง-การปกครอง,1
2023,TH-82,ทรัพยากรธรรมชาติและสิ่งแวดล้อม,2
2023,TH-82,สังคมและสวัสดิการ,53
2023,TH-82,เศรษฐกิจ,3
2023,TH-93,กฎหมาย,7
2023,TH-93,การร้องเรียนกล่าวโทษเจ้าหน้าที่ของรัฐ,21
2023,TH-93,การเมือง-การปกครอง,2
2023,TH-93,ทรัพยากรธรรมชาติและสิ่งแวดล้อม,5
2023,TH-93,สังคมและสวัสดิการ,73
2023,TH-93,เศรษฐกิจ,13
2023,TH-66,กฎหมาย,13
2023,TH-66,การร้องเรียนกล่าวโทษเจ้าหน้าที่ของรัฐ,19
2023,TH-66,การเมือง-การปกครอง,2
2023,TH-66,ทรัพยากรธรรมชาติและสิ่งแวดล้อม,5
2023,TH-66,สังคมและสวัสดิการ,77
2023,TH-66,เศรษฐกิจ,7
2023,TH-65,กฎหมาย,27
2023,TH-65,การร้องเรียนกล่าวโทษเจ้าหน้าที่ของรัฐ,30
2023,TH-65,การเมือง-การปกครอง,6
2023,TH-65,ทรัพยากรธรรมชาติและสิ่งแวดล้อม,12
2023,TH-65,สังคมและสวัสดิการ,119
2023,TH-65,เศรษฐกิจ,8
2023,TH-83,กฎหมาย,25
2023,TH-83,การร้องเรียนกล่าวโทษเจ้าหน้าที่ของรัฐ,58
2023,TH-83,การเมือง-การปกครอง,4
2023,TH-83,ทรัพยากรธรรมชาติและสิ่งแวดล้อม,11
2023,TH-83,สังคมและสวัสดิการ,145
2023,TH-83,เศรษฐกิจ,29
2023,TH-44,กฎหมาย,14
2023,TH-44,การร้องเรียนกล่าวโทษเจ้าหน้าที่ของรัฐ,34
2023,TH-44,การเมือง-การปกครอง,4
2023,TH-44,ทรัพยากรธรรมชาติและสิ่งแวดล้อม,6
2023,TH-44,สังคมและสวัสดิการ,108
2023,TH-44,เศรษฐกิจ,12
2023,TH-49,กฎหมาย,3
2023,TH-49,การร้องเรียนกล่าวโทษเจ้าหน้าที่ของรัฐ,7
2023,TH-49,สังคมและสวัสดิการ,27
2023,TH-49,เศรษฐกิจ,4
2023,TH-95,กฎหมาย,7
2023,TH-95,การร้องเรียนกล่าวโทษเจ้าหน้าที่ของรัฐ,12
2023,TH-95,การเมือง-การปกครอง,4
2023,TH-95,ทรัพยากรธรรมชาติและสิ่งแวดล้อม,4
2023,TH-95,สังคมและสวัสดิการ,26
2023,TH-95,เศรษฐกิจ,4
2023,TH-35,กฎหมาย,5
2023,TH-35,การร้องเรียนกล่าวโทษเจ้าหน้าที่ของรัฐ,17
2023,TH-35,การเมือง-การปกครอง,2
2023,TH-35,ทรัพยากรธรรมชาติและสิ่งแวดล้อม,3
2023,TH-35,สังคมและสวัสดิการ,45
2023,TH-35,เศรษฐกิจ,9
2023,TH-85,กฎหมาย,6
2023,TH-85,การร้องเรียนกล่าวโทษเจ้าหน้าที่ของรัฐ,10
2023,TH-85,ทรัพยากรธรรมชาติและสิ่งแวดล้อม,2
2023,TH-85,สังคมและสวัสดิการ,23
2023,TH-85,เศรษฐกิจ,3
2023,TH-21,กฎหมาย,33
2023,TH-21,การร้องเรียนกล่าวโทษเจ้าหน้าที่ของรัฐ,33
2023,TH-21,การเมือง-การปกครอง,2
2023,TH-21,ทรัพยากรธรรมชาติและสิ่งแวดล้อม,11
2023,TH-21,สังคมและสวัสดิการ,231
2023,TH-21,เศรษฐกิจ,26
2023,TH-70,กฎหมาย,20
2023,TH-70,การร้องเรียนกล่าวโทษเจ้าหน้าที่ของรัฐ,52
2023,TH-70,การเมือง-การปกครอง,2
2023,TH-70,ทรัพยากรธรรมชาติและสิ่งแวดล้อม,9
2023,TH-70,สังคมและสวัสดิการ,166
2023,TH-70,เศรษฐกิจ,15
2023,TH-45,กฎหมาย,9
2023,TH-45,การร้องเรียนกล่าวโทษเจ้าหน้าที่ของรัฐ,43
2023,TH-45,การเมือง-การปกครอง,1
2023,TH-45,ทรัพยากรธรรมชาติและสิ่งแวดล้อม,15
2023,TH-45,สังคมและสวัสดิการ,127
2023,TH-45,เศรษฐกิจ,12
2023,TH-16,กฎหมาย,15
2023,TH-16,การร้องเรียนกล่าวโทษเจ้าหน้าที่ของรัฐ,47
2023,TH-16,การเมือง-การปกครอง,4
2023,TH-16,ทรัพยากรธรรมชาติและสิ่งแวดล้อม,8
2023,TH-16,สังคมและสวัสดิการ,131
2023,TH-16,เศรษฐกิจ,9
2023,TH-52,กฎหมาย,11
2023,TH-52,การร้องเรียนกล่าวโทษเจ้าหน้าที่ของรัฐ,25
2023,TH-52,การเมือง-การปกครอง,3
2023,TH-52,ทรัพยากรธรรมชาติและสิ่งแวดล้อม,4
2023,TH-52,สังคมและสวัสดิการ,55
2023,TH-52,เศรษฐกิจ,12
2023,TH-51,กฎหมาย,2
2023,TH-51,การร้องเรียนกล่าวโทษเจ้าหน้าที่ของรัฐ,12
2023,TH-51,ทรัพยากรธรรมชาติและสิ่งแวดล้อม,5
2023,TH-51,สังคมและสวัสดิการ,26
2023,TH-51,เศรษฐกิจ,5
2023,TH-33,กฎหมาย,8
2023,TH-33,การร้องเรียนกล่าวโทษเจ้าหน้าที่ของรัฐ,42
2023,TH-33,การเมือง-การปกครอง,3
2023,TH-33,ทรัพยากรธรรมชาติและสิ่งแวดล้อม,7
2023,TH-33,สังคมและสวัสดิการ,120
2023,TH-33,เศรษฐกิจ,22
2023,TH-47,กฎหมาย,10
2023,TH-47,การร้องเรียนกล่าวโทษเจ้าหน้าที่ของรัฐ,29
2023,TH-47,ทรัพยากรธรรมชาติและสิ่งแวดล้อม,4
2023,TH-47,สังคมและสวัสดิการ,66
2023,TH-47,เศรษฐกิจ,10
2023,TH-90,กฎหมาย,33
2023,TH-90,การร้องเรียนกล่าวโทษเจ้าหน้าที่ของรัฐ,88
2023,TH-90,การเมือง-การปกครอง,3
2023,TH-90,ทรัพยากรธรรมชาติและสิ่งแวดล้อม,28
2023,TH-90,สังคมและสวัสดิการ,285
2023,TH-90,เศรษฐกิจ,51
2023,TH-91,กฎหมาย,6
2023,TH-91,การร้องเรียนกล่าวโทษเจ้าหน้าที่ของรัฐ,18
2023,TH-91,การเมือง-การปกครอง,1
2023,TH-91,ทรัพยากรธรรมชาติและสิ่งแวดล้อม,2
2023,TH-91,สังคมและสวัสดิการ,27
2023,TH-91,เศรษฐกิจ,1
2023,TH-11,กฎหมาย,60
2023,TH-11,การร้องเรียนกล่าวโทษเจ้าหน้าที่ของรัฐ,127
2023,TH-11,การเมือง-การปกครอง,9
2023,TH-11,ทรัพยากรธรรมชาติและสิ่งแวดล้อม,24
2023,TH-11,พ.ร.บ. อำนวยความสะดวก,1
2023,TH-11,สังคมและสวัสดิการ,628
2023,TH-11,เศรษฐกิจ,60
2023,TH-75,กฎหมาย,4
2023,TH-75,การร้องเรียนกล่าวโทษเจ้าหน้าที่ของรัฐ,8
2023,TH-75,ทรัพยากรธรรมชาติและสิ่งแวดล้อม,4
2023,TH-75,สังคมและสวัสดิการ,64
2023,TH-75,เศรษฐกิจ,5
2023,TH-74,กฎหมาย,24
2023,TH-74,การร้องเรียนกล่าวโทษเจ้าหน้าที่ของรัฐ,62
2023,TH-74,การเมือง-การปกครอง,5
2023,TH-74,ทรัพยากรธรรมชาติและสิ่งแวดล้อม,16
2023,TH-74,สังคมและสวัสดิการ,293
2023,TH-74,เศรษฐกิจ,26
2023,TH-19,กฎหมาย,26
2023,TH-19,การร้องเรียนกล่าวโทษเจ้าหน้าที่ของรัฐ,48
2023,TH-19,การเมือง-การปกครอง,6
2023,TH-19,ทรัพยากรธรรมชาติและสิ่งแวดล้อม,10
2023,TH-19,สังคมและสวัสดิการ,209
2023,TH-19,เศรษฐกิจ,18
2023,TH-27,กฎหมาย,6
2023,TH-27,การร้องเรียนกล่าวโทษเจ้าหน้าที่ของรัฐ,20
2023,TH-27,การเมือง-การปกครอง,5
2023,TH-27,ทรัพยากรธรรมชาติและสิ่งแวดล้อม,7
2023,TH-27,สังคมและสวัสดิการ,57
2023,TH-27,เศรษฐกิจ,6
2023,TH-17,กฎหมาย,4
2023,TH-17,การร้องเรียนกล่าวโทษเจ้าหน้าที่ของรัฐ,16
2023,TH-17,การเมือง-การปกครอง,1
2023,TH-17,ทรัพยากรธรรมชาติและสิ่งแวดล้อม,2
2023,TH-17,สังคมและสวัสดิการ,35
2023,TH-17,เศรษฐกิจ,6
2023,TH-72,กฎหมาย,25
2023,TH-72,การร้องเรียนกล่าวโทษเจ้าหน้าที่ของรัฐ,54
2023,TH-72,ทรัพยากรธรรมชาติและสิ่งแวดล้อม,6
2023,TH-72,สังคมและสวัสดิการ,130
2023,TH-72,เศรษฐกิจ,19
2023,TH-84,กฎหมาย,33
2023,TH-84,การร้องเรียนกล่าวโทษเจ้าหน้าที่ของรัฐ,56
2023,TH-84,การเมือง-การปกครอง,7
2023,TH-84,ทรัพยากรธรรมชาติและสิ่งแวดล้อม,17
2023,TH-84,สังคมและสวัสดิการ,226
2023,TH-84,เศรษฐกิจ,35
2023,TH-32,กฎหมาย,17
2023,TH-32,การร้องเรียนกล่าวโทษเจ้าหน้าที่ของรัฐ,41
2023,TH-32,การเมือง-การปกครอง,4
2023,TH-32,ทรัพยากรธรรมชาติและสิ่งแวดล้อม,7
2023,TH-32,สังคมและสวัสดิการ,102
2023,TH-32,เศรษฐกิจ,23
2023,TH-64,กฎหมาย,10
2023,TH-64,การร้องเรียนกล่าวโทษเจ้าหน้าที่ของรัฐ,14
2023,TH-64,การเมือง-การปกครอง,3
2023,TH-64,ทรัพยากรธรรมชาติและสิ่งแวดล้อม,9
2023,TH-64,สังคมและสวัสดิการ,54
2023,TH-64,เศรษฐกิจ,4
2023,TH-43,กฎหมาย,11
2023,TH-43,การร้องเรียนกล่าวโทษเจ้าหน้าที่ของรัฐ,20
2023,TH-43,การเมือง-การปกครอง,2
2023,TH-43,สังคมและสวัสดิการ,36
2023,TH-43,เศรษฐกิจ,14
2023,TH-39,กฎหมาย,4
2023,TH-39,การร้องเรียนกล่าวโทษเจ้าหน้าที่ของรัฐ,12
2023,TH-39,การเมือง-การปกครอง,1
2023,TH-39,ทรัพยากรธรรมชาติและสิ่งแวดล้อม,3
2023,TH-39,สังคมและสวัสดิการ,19
2023,TH-39,เศรษฐกิจ,7
2023,TH-37,การร้องเรียนกล่าวโทษเจ้าหน้าที่ของรัฐ,7
2023,TH-37,การเมือง-การปกครอง,2
2023,TH-37,ทรัพยากรธรรมชาติและสิ่งแวดล้อม,1
2023,TH-37,สังคมและสวัสดิการ,32
2023,TH-37,เศรษฐกิจ,10
2023,TH-41,กฎหมาย,20
2023,TH-41,การร้องเรียนกล่าวโทษเจ้าหน้าที่ของรัฐ,67
2023,TH-41,การเมือง-การปกครอง,4
2023,TH-41,ทรัพยากรธรรมชาติและสิ่งแวดล้อม,10
2023,TH-41,สังคมและสวัสดิการ,271
2023,TH-41,เศรษฐกิจ,26
2023,TH-53,กฎหมาย,1
2023,TH-53,การร้องเรียนกล่าวโทษเจ้าหน้าที่ของรัฐ,17
2023,TH-53,การเมือง-การปกครอง,1
2023,TH-53,ทรัพยากรธรรมชาติและสิ่งแวดล้อม,3
2023,TH-53,สังคมและสวัสดิการ,30
2023,TH-53,เศรษฐกิจ,6
2023,TH-61,กฎหมาย,3
2023,TH-61,การร้องเรียนกล่าวโทษเจ้าหน้าที่ของรัฐ,14
2023,TH-61,การเมือง-การปกครอง,2
2023,TH-61,ทรัพยากรธรรมชาติและสิ่งแวดล้อม,7
2023,TH-61,สังคมและสวัสดิการ,29
2023,TH-61,เศรษฐกิจ,4
2023,TH-34,กฎหมาย,17
2023,TH-34,การร้องเรียนกล่าวโทษเจ้าหน้าที่ของรัฐ,44
2023,TH-34,การเมือง-การปกครอง,6
2023,TH-34,ทรัพยากรธรรมชาติและสิ่งแวดล้อม,3
2023,TH-34,สังคมและสวัสดิการ,154
2023,TH-34,เศรษฐกิจ,14
2023,TH-15,กฎหมาย,14
2023,TH-15,การร้องเรียนกล่าวโทษเจ้าหน้าที่ของรัฐ,20
2023,TH-15,การเมือง-การปกครอง,3
2023,TH-15,ทรัพยากรธรรมชาติและสิ่งแวดล้อม,4
2023,TH-15,สังคมและสวัสดิการ,73
2023,TH-15,เศรษฐกิจ,9
2023,TH-57,กฎหมาย,13
2023,TH-57,การร้องเรียนกล่าวโทษเจ้าหน้าที่ของรัฐ,29
2023,TH-57,การเมือง-การปกครอง,2
2023,TH-57,ทรัพยากรธรรมชาติและสิ่งแวดล้อม,5
2023,TH-57,สังคมและสวัสดิการ,99
2023,TH-57,เศรษฐกิจ,24
2023,TH-50,กฎหมาย,36
2023,TH-50,การร้องเรียนกล่าวโทษเจ้าหน้าที่ของรัฐ,84
2023,TH-50,การเมือง-การปกครอง,3
2023,TH-50,ทรัพยากรธรรมชาติและสิ่งแวดล้อม,12
2023,TH-50,สังคมและสวัสดิการ,238
2023,TH-50,เศรษฐกิจ,33
2023,TH-76,กฎหมาย,14
2023,TH-76,การร้องเรียนกล่าวโทษเจ้าหน้าที่ของรัฐ,22
2023,TH-76,การเมือง-การปกครอง,1
2023,TH-76,ทรัพยากรธรรมชาติและสิ่งแวดล้อม,5
2023,TH-76,สังคมและสวัสดิการ,133
2023,TH-76,เศรษฐกิจ,12
2023,TH-67,กฎหมาย,7
2023,TH-67,การร้องเรียนกล่าวโทษเจ้าหน้าที่ของรัฐ,26
2023,TH-67,การเมือง-การปกครอง,2
2023,TH-67,ทรัพยากรธรรมชาติและสิ่งแวดล้อม,12
2023,TH-67,สังคมและสวัสดิการ,93
2023,TH-67,เศรษฐกิจ,11
2023,TH-42,กฎหมาย,6
2023,TH-42,การร้องเรียนกล่าวโทษเจ้าหน้าที่ของรัฐ,32
2023,TH-42,การเมือง-การปกครอง,3
2023,TH-42,ทรัพยากรธรรมชาติและสิ่งแวดล้อม,4
2023,TH-42,สังคมและสวัสดิการ,72
2023,TH-42,เศรษฐกิจ,4
2023,TH-54,กฎหมาย,6
2023,TH-54,การร้องเรียนกล่าวโทษเจ้าหน้าที่ของรัฐ,16
2023,TH-54,การเมือง-การปกครอง,1
2023,TH-54,ทรัพยากรธรรมชาติและสิ่งแวดล้อม,4
2023,TH-54,สังคมและสวัสดิการ,41
2023,TH-54,เศรษฐกิจ,7
2023,TH-58,กฎหมาย,4
2023,TH-58,การร้องเรียนกล่าวโทษเจ้าหน้าที่ของรัฐ,4
2023,TH-58,ทรัพยากรธรรมชาติและสิ่งแวดล้อม,3
2023,TH-58,สังคมและสวัสดิการ,13
2023,TH-58,เศรษฐกิจ,3
