Fiscal_Year,Province_ID,GPP_Amount
2019,TH-40,213342181000.0
2020,TH-40,207395969000.0
2021,TH-40,213857135000.0
2022,TH-40,218454426000.0
2023,TH-40,223488740000.0
2019,TH-41,111791875000.0
2020,TH-41,109468496000.0
2021,TH-41,115296342000.0
2022,TH-41,122970744000.0
2023,TH-41,124818002000.0
2019,TH-42,54612289000.0
2020,TH-42,52915625000.0
2021,TH-42,57222325000.0
2022,TH-42,61900263000.0
2023,TH-42,62289629000.0
2019,TH-43,41401785000.0
2020,TH-43,41804346000.0
2021,TH-43,44653862000.0
2022,TH-43,48270117000.0
2023,TH-43,48602193000.0
2019,TH-49,27201768000.0
2020,TH-49,25773898000.0
2021,TH-49,28471280000.0
2022,TH-49,29657599000.0
2023,TH-49,30874516000.0
2019,TH-48,44242235000.0
2020,TH-48,45694696000.0
2021,TH-48,47951968000.0
2022,TH-48,50858791000.0
2023,TH-48,51026274000.0
2019,TH-47,60481363000.0
2020,TH-47,64476846000.0
2021,TH-47,66592264000.0
2022,TH-47,70596937000.0
2023,TH-47,70923273000.0
2019,TH-46,59180059000.0
2020,TH-46,58429026000.0
2021,TH-46,61603028000.0
2022,TH-46,66296051000.0
2023,TH-46,65449411000.0
2019,TH-30,297812241000.0
2020,TH-30,296843608000.0
2021,TH-30,319171959000.0
2022,TH-30,340472657000.0
2023,TH-30,345371820000.0
2019,TH-36,64288375000.0
2020,TH-36,65984149000.0
2021,TH-36,69522876000.0
2022,TH-36,74642233000.0
2023,TH-36,79001042000.0
2019,TH-35,28382825000.0
2020,TH-35,30381515000.0
2021,TH-35,31894373000.0
2022,TH-35,32784891000.0
2023,TH-35,34556517000.0
2019,TH-34,126583321000.0
2020,TH-34,131704725000.0
2021,TH-34,137886519000.0
2022,TH-34,142705747000.0
2023,TH-34,144188712000.0
2019,TH-45,76797672000.0
2020,TH-45,81384736000.0
2021,TH-45,83930284000.0
2022,TH-45,83810530000.0
2023,TH-45,86492498000.0
2019,TH-31,88851610000.0
2020,TH-31,92836759000.0
2021,TH-31,98746159000.0
2022,TH-31,105736090000.0
2023,TH-31,108848782000.0
2019,TH-32,80673603000.0
2020,TH-32,85611311000.0
2021,TH-32,86740046000.0
2022,TH-32,88993003000.0
2023,TH-32,92526411000.0
2019,TH-44,59210359000.0
2020,TH-44,63261218000.0
2021,TH-44,66722087000.0
2022,TH-44,67527167000.0
2023,TH-44,69540966000.0
2019,TH-33,71775606000.0
2020,TH-33,77846230000.0
2021,TH-33,79228754000.0
2022,TH-33,80516227000.0
2023,TH-33,84360854000.0
2019,TH-39,28661831000.0
2020,TH-39,28242845000.0
2021,TH-39,30580245000.0
2022,TH-39,32158861000.0
2023,TH-39,32150450000.0
2019,TH-37,19943107000.0
2020,TH-37,20613300000.0
2021,TH-37,21959464000.0
2022,TH-37,23454294000.0
2023,TH-37,24443658000.0
2019,TH-38,25677744000.0
2020,TH-38,25532622000.0
2021,TH-38,28856273000.0
2022,TH-38,32014084000.0
2023,TH-38,30138694000.0
2019,TH-50,264067348000.0
2020,TH-50,241883792000.0
2021,TH-50,239130484000.0
2022,TH-50,246788452000.0
2023,TH-50,290016172000.0
2019,TH-52,71975039000.0
2020,TH-52,71417005000.0
2021,TH-52,74320803000.0
2022,TH-52,75666825000.0
2023,TH-52,74940791000.0
2019,TH-53,41295390000.0
2020,TH-53,40561539000.0
2021,TH-53,42598493000.0
2022,TH-53,45585460000.0
2023,TH-53,46709875000.0
2019,TH-58,15715814000.0
2020,TH-58,15309185000.0
2021,TH-58,15775124000.0
2022,TH-58,15804582000.0
2023,TH-58,18165592000.0
2019,TH-57,107077786000.0
2020,TH-57,102511001000.0
2021,TH-57,103765110000.0
2022,TH-57,108065902000.0
2023,TH-57,122966336000.0
2019,TH-54,31242603000.0
2020,TH-54,31317744000.0
2021,TH-54,30970435000.0
2022,TH-54,32282190000.0
2023,TH-54,33773904000.0
2019,TH-51,82347649000.0
2020,TH-51,81917158000.0
2021,TH-51,87340365000.0
2022,TH-51,90202216000.0
2023,TH-51,92562728000.0
2019,TH-55,34438292000.0
2020,TH-55,34794180000.0
2021,TH-55,35667923000.0
2022,TH-55,37958827000.0
2023,TH-55,39777392000.0
2019,TH-56,36125972000.0
2020,TH-56,35071768000.0
2021,TH-56,35390443000.0
2022,TH-56,36741403000.0
2023,TH-56,41093513000.0
2019,TH-60,116508693000.0
2020,TH-60,110964715000.0
2021,TH-60,110745883000.0
2022,TH-60,120624205000.0
2023,TH-60,126710286000.0
2019,TH-65,101457064000.0
2020,TH-65,97706510000.0
2021,TH-65,103221679000.0
2022,TH-65,107911188000.0
2023,TH-65,114855153000.0
2019,TH-62,119501000000.0
2020,TH-62,105467050000.0
2021,TH-62,112569812000.0
2022,TH-62,130026892000.0
2023,TH-62,122481888000.0
2019,TH-61,28136059000.0
2020,TH-61,25167883000.0
2021,TH-61,28574393000.0
2022,TH-61,32741991000.0
2023,TH-61,33151473000.0
2019,TH-64,51964786000.0
2020,TH-64,49058338000.0
2021,TH-64,50079463000.0
2022,TH-64,54018518000.0
2023,TH-64,56975332000.0
2019,TH-63,69043494000.0
2020,TH-63,63346107000.0
2021,TH-63,62272873000.0
2022,TH-63,61513572000.0
2023,TH-63,71011747000.0
2019,TH-66,50191606000.0
2020,TH-66,48860928000.0
2021,TH-66,47922556000.0
2022,TH-66,50765748000.0
2023,TH-66,54076844000.0
2019,TH-67,83606715000.0
2020,TH-67,79812455000.0
2021,TH-67,80642895000.0
2022,TH-67,86004250000.0
2023,TH-67,95041092000.0
2019,TH-83,248472962000.0
2020,TH-83,138490978000.0
2021,TH-83,101200639000.0
2022,TH-83,155239335000.0
2023,TH-83,220513840000.0
2019,TH-84,207522970000.0
2020,TH-84,178366158000.0
2021,TH-84,180629169000.0
2022,TH-84,209732106000.0
2023,TH-84,233472113000.0
2019,TH-85,27929280000.0
2020,TH-85,30051217000.0
2021,TH-85,29932960000.0
2022,TH-85,30443785000.0
2023,TH-85,28903660000.0
2019,TH-82,79206048000.0
2020,TH-82,53581205000.0
2021,TH-82,46659919000.0
2022,TH-82,55334906000.0
2023,TH-82,66896726000.0
2019,TH-81,83459294000.0
2020,TH-81,70227716000.0
2021,TH-81,72196797000.0
2022,TH-81,83515989000.0
2023,TH-81,82011269000.0
2019,TH-86,116633389000.0
2020,TH-86,125362282000.0
2021,TH-86,129532054000.0
2022,TH-86,117668091000.0
2023,TH-86,114266362000.0
2019,TH-80,176413891000.0
2020,TH-80,178895671000.0
2021,TH-80,184063279000.0
2022,TH-80,191656533000.0
2023,TH-80,194041344000.0
2019,TH-90,242638943000.0
2020,TH-90,230481628000.0
2021,TH-90,244567481000.0
2022,TH-90,256061849000.0
2023,TH-90,253204219000.0
2019,TH-91,31010999000.0
2020,TH-91,32622739000.0
2021,TH-91,33623171000.0
2022,TH-91,33735350000.0
2023,TH-91,32876892000.0
2019,TH-95,46610275000.0
2020,TH-95,48064746000.0
2021,TH-95,51133992000.0
2022,TH-95,47549224000.0
2023,TH-95,52511428000.0
2019,TH-92,62492954000.0
2020,TH-92,64532391000.0
2021,TH-92,69380819000.0
2022,TH-92,74598605000.0
2023,TH-92,70647395000.0
2019,TH-96,43815141000.0
2020,TH-96,42264729000.0
2021,TH-96,46031005000.0
2022,TH-96,45476197000.0
2023,TH-96,47513022000.0
2019,TH-93,36854684000.0
2020,TH-93,37930868000.0
2021,TH-93,40296122000.0
2022,TH-93,42540708000.0
2023,TH-93,42777236000.0
2019,TH-94,49965088000.0
2020,TH-94,48476509000.0
2021,TH-94,51078822000.0
2022,TH-94,53160278000.0
2023,TH-94,54285019000.0
2019,TH-20,1027742790000.0
2020,TH-20,894119327000.0
2021,TH-20,1011232530000.0
2022,TH-20,1175396911000.0
2023,TH-20,1186044344000.0
2019,TH-24,388473929000.0
2020,TH-24,341508620000.0
2021,TH-24,401775451000.0
2022,TH-24,434587434000.0
2023,TH-24,446489441000.0
2019,TH-21,1012899479000.0
2020,TH-21,854611269000.0
2021,TH-21,964378275000.0
2022,TH-21,1089537566000.0
2023,TH-21,1055440721000.0
2019,TH-23,44204621000.0
2020,TH-23,46474856000.0
2021,TH-23,43278828000.0
2022,TH-23,50105476000.0
2023,TH-23,46437490000.0
2019,TH-22,131634241000.0
2020,TH-22,144235344000.0
2021,TH-22,139288584000.0
2022,TH-22,155578159000.0
2023,TH-22,143416557000.0
2019,TH-26,30931737000.0
2020,TH-26,31087896000.0
2021,TH-26,30617568000.0
2022,TH-26,33046679000.0
2023,TH-26,33493552000.0
2019,TH-25,352886953000.0
2020,TH-25,322106755000.0
2021,TH-25,317174070000.0
2022,TH-25,275737056000.0
2023,TH-25,251806716000.0
2019,TH-27,48585950000.0
2020,TH-27,46644859000.0
2021,TH-27,48481156000.0
2022,TH-27,53179913000.0
2023,TH-27,54445764000.0
2019,TH-70,190259946000.0
2020,TH-70,177052766000.0
2021,TH-70,180989865000.0
2022,TH-70,206546143000.0
2023,TH-70,185458863000.0
2019,TH-71,110954461000.0
2020,TH-71,102195748000.0
2021,TH-71,106865155000.0
2022,TH-71,124331240000.0
2023,TH-71,125812954000.0
2019,TH-77,99004026000.0
2020,TH-77,92068986000.0
2021,TH-77,96440332000.0
2022,TH-77,103399746000.0
2023,TH-77,107573513000.0
2019,TH-76,76016984000.0
2020,TH-76,70511579000.0
2021,TH-76,72710962000.0
2022,TH-76,79457162000.0
2023,TH-76,78376438000.0
2019,TH-72,93861485000.0
2020,TH-72,89221512000.0
2021,TH-72,92640499000.0
2022,TH-72,106902800000.0
2023,TH-72,105042206000.0
2019,TH-75,26805808000.0
2020,TH-75,26863966000.0
2021,TH-75,28612922000.0
2022,TH-75,29296291000.0
2023,TH-75,28792962000.0
2019,TH-19,256195206000.0
2020,TH-19,241696911000.0
2021,TH-19,250451333000.0
2022,TH-19,265083456000.0
2023,TH-19,267778251000.0
2019,TH-17,27801174000.0
2020,TH-17,26039252000.0
2021,TH-17,26430752000.0
2022,TH-17,27972941000.0
2023,TH-17,28304873000.0
2019,TH-18,36509738000.0
2020,TH-18,36300809000.0
2021,TH-18,39630656000.0
2022,TH-18,43244862000.0
2023,TH-18,45310057000.0
2019,TH-15,31825890000.0
2020,TH-15,31279819000.0
2021,TH-15,30848668000.0
2022,TH-15,31650675000.0
2023,TH-15,32874185000.0
2019,TH-16,112479932000.0
2020,TH-16,106333483000.0
2021,TH-16,110928200000.0
2022,TH-16,121199996000.0
2023,TH-16,116982390000.0
2019,TH-14,404996017000.0
2020,TH-14,394719301000.0
2021,TH-14,426007411000.0
2022,TH-14,412199105000.0
2023,TH-14,398675653000.0
2019,TH-10,5711599086000.0
2020,TH-10,5306658503000.0
2021,TH-10,5317324723000.0
2022,TH-10,5697081502000.0
2023,TH-10,6097199394000.0
2019,TH-11,772657572000.0
2020,TH-11,635784433000.0
2021,TH-11,653838349000.0
2022,TH-11,721876018000.0
2023,TH-11,755791920000.0
2019,TH-13,441076426000.0
2020,TH-13,417942624000.0
2021,TH-13,419878116000.0
2022,TH-13,449995366000.0
2023,TH-13,457327958000.0
2019,TH-74,415169158000.0
2020,TH-74,404376054000.0
2021,TH-74,421670946000.0
2022,TH-74,440450528000.0
2023,TH-74,412078194000.0
2019,TH-73,356547734000.0
2020,TH-73,345345090000.0
2021,TH-73,363870602000.0
2022,TH-73,372716454000.0
2023,TH-73,398083260000.0
2019,TH-12,349415572000.0
2020,TH-12,349542088000.0
2021,TH-12,354431838000.0
2022,TH-12,375817900000.0
2023,TH-12,396835482000.0
