Fiscal_Year,Province_ID,Population
2019,TH-40,1715857
2020,TH-40,1713728
2021,TH-40,1711307
2022,TH-40,1708582
2023,TH-40,1705522
2019,TH-41,1261646
2020,TH-41,1257391
2021,TH-41,1253016
2022,TH-41,1248514
2023,TH-41,1244725
2019,TH-42,541577
2020,TH-42,539738
2021,TH-42,537846
2022,TH-42,535897
2023,TH-42,533883
2019,TH-43,455868
2020,TH-43,455359
2021,TH-43,454801
2022,TH-43,454190
2023,TH-43,454380
2019,TH-49,410158
2020,TH-49,415992
2021,TH-49,421548
2022,TH-49,426790
2023,TH-49,431680
2019,TH-48,556514
2020,TH-48,552301
2021,TH-48,548059
2022,TH-48,543786
2023,TH-48,539472
2019,TH-47,921659
2020,TH-47,917929
2021,TH-47,914113
2022,TH-47,910205
2023,TH-47,906191
2019,TH-46,796569
2020,TH-46,792368
2021,TH-46,788102
2022,TH-46,783765
2023,TH-46,779346
2019,TH-30,2510945
2020,TH-30,2506832
2021,TH-30,2502261
2022,TH-30,2497215
2023,TH-30,2491653
2019,TH-36,936416
2020,TH-36,931238
2021,TH-36,925986
2022,TH-36,920655
2023,TH-36,915231
2019,TH-35,459047
2020,TH-35,455281
2021,TH-35,451495
2022,TH-35,447686
2023,TH-35,443849
2019,TH-34,1736596
2020,TH-34,1734771
2021,TH-34,1732573
2022,TH-34,1729990
2023,TH-34,1726992
2019,TH-45,1062073
2020,TH-45,1056294
2021,TH-45,1050431
2022,TH-45,1044477
2023,TH-45,1038417
2019,TH-31,1218970
2020,TH-31,1210225
2021,TH-31,1201433
2022,TH-31,1192590
2023,TH-31,1183678
2019,TH-32,1067014
2020,TH-32,1058415
2021,TH-32,1049806
2022,TH-32,1041184
2023,TH-32,1032534
2019,TH-44,785939
2020,TH-44,780328
2021,TH-44,774675
2022,TH-44,768977
2023,TH-44,763222
2019,TH-33,967672
2020,TH-33,955621
2021,TH-33,943905
2022,TH-33,932514
2023,TH-33,921427
2019,TH-39,476228
2020,TH-39,474374
2021,TH-39,472476
2022,TH-39,470529
2023,TH-39,468526
2019,TH-37,282208
2020,TH-37,281910
2021,TH-37,281552
2022,TH-37,281131
2023,TH-37,280642
2019,TH-38,359548
2020,TH-38,358625
2021,TH-38,357663
2022,TH-38,356660
2023,TH-38,355609
2019,TH-50,1803331
2020,TH-50,1801223
2021,TH-50,1798480
2022,TH-50,1795092
2023,TH-50,1791041
2019,TH-52,709126
2020,TH-52,703789
2021,TH-52,698410
2022,TH-52,692981
2023,TH-52,687486
2019,TH-53,412165
2020,TH-53,408555
2021,TH-53,404926
2022,TH-53,401272
2023,TH-53,397585
2019,TH-58,237040
2020,TH-58,238853
2021,TH-58,240621
2022,TH-58,242330
2023,TH-58,243967
2019,TH-57,1151140
2020,TH-57,1146574
2021,TH-57,1141871
2022,TH-57,1137014
2023,TH-57,1131976
2019,TH-54,382995
2020,TH-54,377683
2021,TH-54,372470
2022,TH-54,367352
2023,TH-54,362319
2019,TH-51,396479
2020,TH-51,393897
2021,TH-51,391295
2022,TH-51,388668
2023,TH-51,386870
2019,TH-55,443084
2020,TH-55,441146
2021,TH-55,439155
2022,TH-55,437104
2023,TH-55,434983
2019,TH-56,377736
2020,TH-56,372273
2021,TH-56,366912
2022,TH-56,361647
2023,TH-56,356473
2019,TH-60,928998
2020,TH-60,920463
2021,TH-60,912060
2022,TH-60,903772
2023,TH-60,895573
2019,TH-65,896078
2020,TH-65,895525
2021,TH-65,894762
2022,TH-65,893770
2023,TH-65,892528
2019,TH-62,780827
2020,TH-62,780845
2021,TH-62,780661
2022,TH-62,780260
2023,TH-62,780260
2019,TH-61,278620
2020,TH-61,276328
2021,TH-61,274017
2022,TH-61,271681
2023,TH-61,269316
2019,TH-64,611617
2020,TH-64,609821
2021,TH-64,607941
2022,TH-64,605968
2023,TH-64,603887
2019,TH-63,533638
2020,TH-63,534700
2021,TH-63,535562
2022,TH-63,536215
2023,TH-63,536648
2019,TH-66,514639
2020,TH-66,510886
2021,TH-66,507116
2022,TH-66,503321
2023,TH-66,500352
2019,TH-67,915958
2020,TH-67,911206
2021,TH-67,906355
2022,TH-67,901389
2023,TH-67,896288
2019,TH-83,587867
2020,TH-83,595228
2021,TH-83,602051
2022,TH-83,608366
2023,TH-83,614198
2019,TH-84,1142130
2020,TH-84,1149716
2021,TH-84,1157075
2022,TH-84,1164201
2023,TH-84,1171079
2019,TH-85,274189
2020,TH-85,278827
2021,TH-85,283345
2022,TH-85,287726
2023,TH-85,291956
2019,TH-82,249801
2020,TH-82,249509
2021,TH-82,249166
2022,TH-82,248770
2023,TH-82,248323
2019,TH-81,421204
2020,TH-81,424408
2021,TH-81,427531
2022,TH-81,430572
2023,TH-81,433525
2019,TH-86,498949
2020,TH-86,499809
2021,TH-86,500566
2022,TH-86,501221
2023,TH-86,501772
2019,TH-80,1511233
2020,TH-80,1515300
2021,TH-80,1519474
2022,TH-80,1523711
2023,TH-80,1527959
2019,TH-90,1649170
2020,TH-90,1662851
2021,TH-90,1676015
2022,TH-90,1688653
2023,TH-90,1701608
2019,TH-91,292508
2020,TH-91,294601
2021,TH-91,296637
2022,TH-91,298613
2023,TH-91,300526
2019,TH-95,471629
2020,TH-95,474772
2021,TH-95,477819
2022,TH-95,480766
2023,TH-95,483609
2019,TH-92,630627
2020,TH-92,631595
2021,TH-92,632454
2022,TH-92,633204
2023,TH-92,633844
2019,TH-96,725445
2020,TH-96,729284
2021,TH-96,732965
2022,TH-96,736485
2023,TH-96,739837
2019,TH-93,491859
2020,TH-93,491849
2021,TH-93,491769
2022,TH-93,491622
2023,TH-93,491406
2019,TH-94,643592
2020,TH-94,645687
2021,TH-94,647638
2022,TH-94,649444
2023,TH-94,651101
2019,TH-20,1855275
2020,TH-20,1891072
2021,TH-20,1926258
2022,TH-20,1960821
2023,TH-20,2005945
2019,TH-24,840475
2020,TH-24,857598
2021,TH-24,874707
2022,TH-24,891784
2023,TH-24,920007
2019,TH-21,1005289
2020,TH-21,1030607
2021,TH-21,1055547
2022,TH-21,1080090
2023,TH-21,1115418
2019,TH-23,269699
2020,TH-23,272446
2021,TH-23,275126
2022,TH-23,277734
2023,TH-23,280264
2019,TH-22,556946
2020,TH-22,561216
2021,TH-22,565515
2022,TH-22,569835
2023,TH-22,574163
2019,TH-26,260063
2020,TH-26,261168
2021,TH-26,262327
2022,TH-26,263536
2023,TH-26,264790
2019,TH-25,629620
2020,TH-25,638327
2021,TH-25,646935
2022,TH-25,655430
2023,TH-25,664658
2019,TH-27,638532
2020,TH-27,647315
2021,TH-27,655998
2022,TH-27,664568
2023,TH-27,673869
2019,TH-70,812693
2020,TH-70,812091
2021,TH-70,811356
2022,TH-70,810480
2023,TH-70,810313
2019,TH-71,830277
2020,TH-71,831639
2021,TH-71,832692
2022,TH-71,833438
2023,TH-71,833870
2019,TH-77,487968
2020,TH-77,487720
2021,TH-77,487375
2022,TH-77,486928
2023,TH-77,486371
2019,TH-76,499982
2020,TH-76,500963
2021,TH-76,501817
2022,TH-76,502538
2023,TH-76,503117
2019,TH-72,853030
2020,TH-72,851670
2021,TH-72,850176
2022,TH-72,848539
2023,TH-72,846747
2019,TH-75,180565
2020,TH-75,179262
2021,TH-75,177966
2022,TH-75,176678
2023,TH-75,175395
2019,TH-19,759906
2020,TH-19,761887
2021,TH-19,763494
2022,TH-19,764744
2023,TH-19,766510
2019,TH-17,188827
2020,TH-17,187302
2021,TH-17,185843
2022,TH-17,184444
2023,TH-17,183099
2019,TH-18,292587
2020,TH-18,290938
2021,TH-18,289397
2022,TH-18,287946
2023,TH-18,286565
2019,TH-15,248714
2020,TH-15,247433
2021,TH-15,246150
2022,TH-15,244864
2023,TH-15,243569
2019,TH-16,776208
2020,TH-16,774946
2021,TH-16,773563
2022,TH-16,772050
2023,TH-16,770396
2019,TH-14,909969
2020,TH-14,912453
2021,TH-14,914571
2022,TH-14,916322
2023,TH-14,918560
2019,TH-10,8958219
2020,TH-10,8998732
2021,TH-10,9033682
2022,TH-10,9062985
2023,TH-10,9087429
2019,TH-11,2210890
2020,TH-11,2249961
2021,TH-11,2288567
2022,TH-11,2326654
2023,TH-11,2365023
2019,TH-13,1757837
2020,TH-13,1786328
2021,TH-13,1814121
2022,TH-13,1841234
2023,TH-13,1867671
2019,TH-74,1053549
2020,TH-74,1064784
2021,TH-74,1075826
2022,TH-74,1086665
2023,TH-74,1098147
2019,TH-73,1199767
2020,TH-73,1214043
2021,TH-73,1228554
2022,TH-73,1243204
2023,TH-73,1257906
2019,TH-12,1751939
2020,TH-12,1781176
2021,TH-12,1810041
2022,TH-12,1838493
2023,TH-12,1866486
